structure_1,structure_2,pdd_emd,amd_dist,identical,very_similar,similar
mp-1017539,mp-1093993,0.77518694,0.775186948659317,False,False,False
mp-1017539,mp-1245015,0.6635535737500001,0.5278438731964696,False,False,False
mp-1017539,mp-1245109,0.6115780576250001,0.48750000000000004,False,False,False
mp-1017539,mp-1245209,0.6457268970000001,0.5392213557815828,False,False,False
mp-1017539,mp-1245255,0.632396364,0.48750000000000004,False,False,False
mp-1017539,mp-13161,0.88916896,0.8891689674841246,False,False,False
mp-1017539,mp-1986,0.81369739,0.8136973991821455,False,False,False
mp-1017539,mp-2133,0.8077683099999999,0.8077683136044875,False,False,False
mp-1017539,mp-2229,0.84870991,0.8487099150432442,False,False,False
mp-1017539,mp-2346983,1.18757351,1.187573511161066,False,False,False
mp-1017539,mp-997630,0.7791266000836045,0.7451933869636376,False,False,False
mp-1017539,cod-1011258,0.81781505,0.8178150565854119,False,False,False
mp-1017539,cod-1011259,0.7452146,0.7452146069616039,False,False,False
mp-1017539,cod-1534836,0.920827785,0.9208277934674092,False,False,False
mp-1017539,cod-1536063,0.9725719565430119,0.7673051266296493,False,False,False
mp-1017539,cod-1537875,0.79481588,0.7831748622059842,False,False,False
mp-1017539,cod-2107059,0.806446215,0.8064462192650672,False,False,False
mp-1017539,cod-2300112,0.797566235,0.7975662392650673,False,False,False
mp-1017539,cod-2300113,0.809382535,0.8093825392650673,False,False,False
mp-1017539,cod-2300114,0.82277041,0.8227704192650671,False,False,False
mp-1017539,cod-2300115,0.824481375,0.8244813792650674,False,False,False
mp-1017539,cod-2300116,0.841931145,0.8419311492650676,False,False,False
mp-1017539,cod-2300450,0.80869389,0.8086938970338653,False,False,False
mp-1017539,cod-4517837,0.8752225477265254,0.8091226829558638,False,False,False
mp-1017539,cod-9004178,0.7992186699999999,0.7992186792650671,False,False,False
mp-1017539,cod-9004179,0.79840205,0.7984020592650671,False,False,False
mp-1017539,cod-9004180,0.79453525,0.7945352592650672,False,False,False
mp-1017539,cod-9004181,0.8044263300000001,0.8044263357306785,False,False,False
mp-1017539,cod-9008877,0.74525218,0.745252181192348,False,False,False
mp-1017539,cod-9011662,0.74551123,0.745511232737571,False,False,False
mp-1093993,mp-1245015,0.5883998191250001,0.48750000000000004,False,False,False
mp-1093993,mp-1245109,0.57631623575,0.48750000000000004,False,False,False
mp-1093993,mp-1245209,0.5382816525,0.48750000000000004,False,False,False
mp-1093993,mp-1245255,0.55747533,0.48750000000000004,False,False,False
mp-1093993,mp-13161,1.05363189,1.053631899166537,False,False,False
mp-1093993,mp-1986,0.48638014,0.5,False,False,True
mp-1093993,mp-2133,0.4333373,0.5,False,False,True
mp-1093993,mp-2229,1.08933676,1.0893367694214544,False,False,False
mp-1093993,mp-2346983,1.27556334,1.27556334939425,False,False,False
mp-1093993,mp-997630,1.0820962319518634,1.08046789656717,False,False,False
mp-1093993,cod-1011258,0.45338159,0.5,False,False,True
mp-1093993,cod-1011259,0.44112232,0.5,False,False,True
mp-1093993,cod-1534836,1.11877877,1.11877877,False,False,False
mp-1093993,cod-1536063,1.0240645568988906,0.76470958831929,False,False,False
mp-1093993,cod-1537875,0.47746109,0.5,False,False,True
mp-1093993,cod-2107059,0.42893748,0.5,False,False,True
mp-1093993,cod-2300112,0.417735,0.5,False,False,True
mp-1093993,cod-2300113,0.43686795,0.5,False,False,True
mp-1093993,cod-2300114,0.4568187,0.5,False,False,True
mp-1093993,cod-2300115,0.47359832,0.5,False,False,True
mp-1093993,cod-2300116,0.49487137,0.5,False,False,True
mp-1093993,cod-2300450,0.42361335,0.5,False,False,True
mp-1093993,cod-4517837,0.8687268702330299,0.7153160352543377,False,False,False
mp-1093993,cod-9004178,0.41859775,0.5,False,False,True
mp-1093993,cod-9004179,0.41484468,0.5,False,False,True
mp-1093993,cod-9004180,0.41615114,0.5,False,False,True
mp-1093993,cod-9004181,0.4179699,0.5,False,False,True
mp-1093993,cod-9008877,0.39005534,0.5,False,False,True
mp-1093993,cod-9011662,0.39061652,0.5,False,False,True
mp-1245015,mp-1245109,0.288693859125,0.1399446857133384,False,False,True
mp-1245015,mp-1245209,0.26609850975,0.09729791490512874,False,False,True
mp-1245015,mp-1245255,0.255913303625,0.09049830066486564,False,False,True
mp-1245015,mp-13161,1.1606553988750001,1.152194775816679,False,False,False
mp-1245015,mp-1986,0.844957644625,0.9875,False,False,False
mp-1245015,mp-2133,0.75874067675,0.9875,False,False,False
mp-1245015,mp-2229,1.154825636375,1.1484034543320405,False,False,False
mp-1245015,mp-2346983,1.046842287,0.9984251452713298,False,False,False
mp-1245015,mp-997630,1.0321162635749488,0.9683965004220028,False,False,False
mp-1245015,cod-1011258,0.769685070125,0.9875,False,False,False
mp-1245015,cod-1011259,0.6695475737500001,0.9875,False,False,False
mp-1245015,cod-1534836,1.223958210375,1.2205213327562054,False,False,False
mp-1245015,cod-1536063,0.7311353671625086,0.4116075902377325,False,False,False
mp-1245015,cod-1537875,0.7896985403750001,0.9875,False,False,False
mp-1245015,cod-2107059,0.761234426125,0.9875,False,False,False
mp-1245015,cod-2300112,0.750785069,0.9875,False,False,False
mp-1245015,cod-2300113,0.768683189375,0.9875,False,False,False
mp-1245015,cod-2300114,0.788061608125,0.9875,False,False,False
mp-1245015,cod-2300115,0.803685977,0.9875,False,False,False
mp-1245015,cod-2300116,0.820461385,0.9875,False,False,False
mp-1245015,cod-2300450,0.7544554705000001,0.9875,False,False,False
mp-1245015,cod-4517837,0.5599266610871961,0.2940168657493052,False,False,False
mp-1245015,cod-9004178,0.751581052,0.9875,False,False,False
mp-1245015,cod-9004179,0.7483269530000001,0.9875,False,False,False
mp-1245015,cod-9004180,0.750032090875,0.9875,False,False,False
mp-1245015,cod-9004181,0.7501743162500001,0.9875,False,False,False
mp-1245015,cod-9008877,0.71550983275,0.9875,False,False,False
mp-1245015,cod-9011662,0.715910345625,0.9875,False,False,False
mp-1245109,mp-1245209,0.263463314625,0.09899680804778654,False,False,True
mp-1245109,mp-1245255,0.256234038,0.10039380134966525,False,False,True
mp-1245109,mp-13161,1.075380003375,1.0690330224953204,False,False,False
mp-1245109,mp-1986,0.769245872875,0.9875,False,False,False
mp-1245109,mp-2133,0.688959138625,0.9875,False,False,False
mp-1245109,mp-2229,1.0249466091250001,1.021424869041283,False,False,False
mp-1245109,mp-2346983,1.072226244875,0.9498939054358781,False,False,False
mp-1245109,mp-997630,0.9158752904030429,0.8516336710547137,False,False,False
mp-1245109,cod-1011258,0.701559578875,0.9875,False,False,False
mp-1245109,cod-1011259,0.6104220367500001,0.9875,False,False,False
mp-1245109,cod-1534836,1.09524598775,1.093542747465448,False,False,False
mp-1245109,cod-1536063,0.7711660628473704,0.4448425147684807,False,False,False
mp-1245109,cod-1537875,0.7201426016250001,0.9875,False,False,False
mp-1245109,cod-2107059,0.68811853025,0.9875,False,False,False
mp-1245109,cod-2300112,0.678392879375,0.9875,False,False,False
mp-1245109,cod-2300113,0.694746111875,0.9875,False,False,False
mp-1245109,cod-2300114,0.712780869375,0.9875,False,False,False
mp-1245109,cod-2300115,0.725882043875,0.9875,False,False,False
mp-1245109,cod-2300116,0.7427444555,0.9875,False,False,False
mp-1245109,cod-2300450,0.683529760625,0.9875,False,False,False
mp-1245109,cod-4517837,0.58976433763028,0.4241449448813448,False,False,False
mp-1245109,cod-9004178,0.6792234016250001,0.9875,False,False,False
mp-1245109,cod-9004179,0.67637485275,0.9875,False,False,False
mp-1245109,cod-9004180,0.6771705357500001,0.9875,False,False,False
mp-1245109,cod-9004181,0.67906189425,0.9875,False,False,False
mp-1245109,cod-9008877,0.646708863125,0.9875,False,False,False
mp-1245109,cod-9011662,0.6471105478750001,0.9875,False,False,False
mp-1245209,mp-1245255,0.246699575,0.056824520127021216,False,False,True
mp-1245209,mp-13161,1.10607404425,1.0903853853762353,False,False,False
mp-1245209,mp-1986,0.7640346040000001,0.9875,False,False,False
mp-1245209,mp-2133,0.68410427725,0.9875,False,False,False
mp-1245209,mp-2229,1.087198941875,1.0849272404109769,False,False,False
mp-1245209,mp-2346983,1.0831061755000002,1.0395977565165158,False,False,False
mp-1245209,mp-997630,0.9662479368887726,0.8942334978497026,False,False,False
mp-1245209,cod-1011258,0.6922358336250001,0.9875,False,False,False
mp-1245209,cod-1011259,0.614942568375,0.9875,False,False,False
mp-1245209,cod-1534836,1.158209809875,1.1570451188351418,False,False,False
mp-1245209,cod-1536063,0.7562007948696334,0.45278020148291853,False,False,False
mp-1245209,cod-1537875,0.7123887853749999,0.9875,False,False,False
mp-1245209,cod-2107059,0.689101426875,0.9875,False,False,False
mp-1245209,cod-2300112,0.678981638125,0.9875,False,False,False
mp-1245209,cod-2300113,0.6967322155,0.9875,False,False,False
mp-1245209,cod-2300114,0.7158501881250001,0.9875,False,False,False
mp-1245209,cod-2300115,0.73222829575,0.9875,False,False,False
mp-1245209,cod-2300116,0.7469924433749999,0.9875,False,False,False
mp-1245209,cod-2300450,0.6811925670000001,0.9875,False,False,False
mp-1245209,cod-4517837,0.5799671957538768,0.37036431607851483,False,False,False
mp-1245209,cod-9004178,0.679652817125,0.9875,False,False,False
mp-1245209,cod-9004179,0.6765924622500001,0.9875,False,False,False
mp-1245209,cod-9004180,0.67870197275,0.9875,False,False,False
mp-1245209,cod-9004181,0.67743717475,0.9875,False,False,False
mp-1245209,cod-9008877,0.638186501875,0.9875,False,False,False
mp-1245209,cod-9011662,0.638533957125,0.9875,False,False,False
mp-1245255,mp-13161,1.0794500139999998,1.070084514488908,False,False,False
mp-1245255,mp-1986,0.80109889925,0.9875,False,False,False
mp-1245255,mp-2133,0.7178529339999999,0.9875,False,False,False
mp-1245255,mp-2229,1.1010345695000001,1.099641579251383,False,False,False
mp-1245255,mp-2346983,1.050948332125,0.9873768603591659,False,False,False
mp-1245255,mp-997630,0.9879623205447603,0.9262629363857116,False,False,False
mp-1245255,cod-1011258,0.72884353825,0.9875,False,False,False
mp-1245255,cod-1011259,0.639991874625,0.9875,False,False,False
mp-1245255,cod-1534836,1.1718593395,1.171759457675548,False,False,False
mp-1245255,cod-1536063,0.7430386934175446,0.42563498414313194,False,False,False
mp-1245255,cod-1537875,0.7545358511250001,0.9875,False,False,False
mp-1245255,cod-2107059,0.718610605375,0.9875,False,False,False
mp-1245255,cod-2300112,0.70905936475,0.9875,False,False,False
mp-1245255,cod-2300113,0.72507124725,0.9875,False,False,False
mp-1245255,cod-2300114,0.7417261640000001,0.9875,False,False,False
mp-1245255,cod-2300115,0.753848489125,0.9875,False,False,False
mp-1245255,cod-2300116,0.768385438125,0.9875,False,False,False
mp-1245255,cod-2300450,0.71328443675,0.9875,False,False,False
mp-1245255,cod-4517837,0.5622273656535743,0.36829951171765085,False,False,False
mp-1245255,cod-9004178,0.709857580375,0.9875,False,False,False
mp-1245255,cod-9004179,0.7070152356250001,0.9875,False,False,False
mp-1245255,cod-9004180,0.70808574575,0.9875,False,False,False
mp-1245255,cod-9004181,0.7091723142499999,0.9875,False,False,False
mp-1245255,cod-9008877,0.679982951625,0.9875,False,False,False
mp-1245255,cod-9011662,0.680364766875,0.9875,False,False,False
mp-13161,mp-1986,1.11907277,1.119072776060971,False,False,False
mp-13161,mp-2133,1.12818267,1.12818267353102,False,False,False
mp-13161,mp-2229,0.73880496,0.7388049631553901,False,False,False
mp-13161,mp-2346983,1.5976648450000002,1.5788371684411038,False,False,False
mp-13161,mp-997630,0.7391733029330667,0.8571428571428572,False,False,False
mp-13161,cod-1011258,1.09934939,1.0993493972248345,False,False,False
mp-13161,cod-1011259,1.28290824,1.2829082422980624,False,False,False
mp-13161,cod-1534836,0.78044223,0.7804422396769666,False,False,False
mp-13161,cod-1536063,1.2775177880185242,1.2115045280549088,False,False,False
mp-13161,cod-1537875,1.20540583,1.2054058388382023,False,False,False
mp-13161,cod-2107059,1.1258881,1.1258881039160835,False,False,False
mp-13161,cod-2300112,1.14034286,1.1403428693493014,False,False,False
mp-13161,cod-2300113,1.11323344,1.113233446234637,False,False,False
mp-13161,cod-2300114,1.08610135,1.0861013561482578,False,False,False
mp-13161,cod-2300115,1.06069036,1.060690362490365,False,False,False
mp-13161,cod-2300116,1.04291118,1.042911184161369,False,False,False
mp-13161,cod-2300450,1.14054109,1.14054109579358,False,False,False
mp-13161,cod-4517837,1.301804887143318,1.2500412332207036,False,False,False
mp-13161,cod-9004178,1.14020688,1.1402068850169504,False,False,False
mp-13161,cod-9004179,1.14629584,1.1462958409380573,False,False,False
mp-13161,cod-9004180,1.14020688,1.1402068850169504,False,False,False
mp-13161,cod-9004181,1.14629584,1.1462958409380573,False,False,False
mp-13161,cod-9008877,1.14106196,1.1410619628579841,False,False,False
mp-13161,cod-9011662,1.14040883,1.14040883100376,False,False,False
mp-1986,mp-2133,0.78003852,0.7800385201296391,False,False,False
mp-1986,mp-2229,1.05391063,1.0539106340386288,False,False,False
mp-1986,mp-2346983,1.31407379,1.3140737999170784,False,False,False
mp-1986,mp-997630,1.0466707372998354,1.0450423441916317,False,False,False
mp-1986,cod-1011258,0.75699597,0.756995979360763,False,False,False
mp-1986,cod-1011259,0.88901287,0.8890128780926521,False,False,False
mp-1986,cod-1534836,1.08335263,1.0833526346171745,False,False,False
mp-1986,cod-1536063,1.1819112701106378,0.9214917551161372,False,False,False
mp-1986,cod-1537875,0.10425762,0.10425762167290031,False,False,True
mp-1986,cod-2107059,0.77424674,0.774246749427351,False,False,False
mp-1986,cod-2300112,0.78639312,0.7863931261597319,False,False,False
mp-1986,cod-2300113,0.76393678,0.7639367821933316,False,False,False
mp-1986,cod-2300114,0.74145252,0.7414525231031348,False,False,False
mp-1986,cod-2300115,0.71999896,0.7199989646340823,False,False,False
mp-1986,cod-2300116,0.70552111,0.7055211157676089,False,False,False
mp-1986,cod-2300450,0.78670188,0.7867018854931915,False,False,False
mp-1986,cod-4517837,1.0338710488949487,1.0356495859142907,False,False,False
mp-1986,cod-9004178,0.78623778,0.7862377851480593,False,False,False
mp-1986,cod-9004179,0.79093576,0.7909357629432092,False,False,False
mp-1986,cod-9004180,0.78623778,0.7862377851480593,False,False,False
mp-1986,cod-9004181,0.79093576,0.7909357629432092,False,False,False
mp-1986,cod-9008877,0.78721609,0.787216096438045,False,False,False
mp-1986,cod-9011662,0.78677026,0.7867702652350026,False,False,False
mp-2133,mp-2229,1.04162554,1.0416255448081309,False,False,False
mp-2133,mp-2346983,1.30814471,1.3081447143394205,False,False,False
mp-2133,mp-997630,1.034385647791239,1.0327572549611337,False,False,False
mp-2133,cod-1011258,0.04455364,0.044553648155744696,False,True,True
mp-2133,cod-1011259,0.22485277,0.22485277377921342,False,False,True
mp-2133,cod-1534836,1.07106754,1.0710675453866765,False,False,False
mp-2133,cod-1536063,1.1349140107080438,0.8888888888888888,False,False,False
mp-2133,cod-1537875,0.72159191,0.7215919121783818,False,False,False
mp-2133,cod-2107059,0.04945151,0.049451516403386186,False,True,True
mp-2133,cod-2300112,0.03112731,0.031127310515384643,False,True,True
mp-2133,cod-2300113,0.06283287,0.06283287789158631,False,True,True
mp-2133,cod-2300114,0.09318541,0.0931854130330576,False,True,True
mp-2133,cod-2300115,0.13302646,0.13302646998053458,False,False,True
mp-2133,cod-2300116,0.14515626,0.14515626191990005,False,False,True
mp-2133,cod-2300450,0.02146877,0.021468773779214523,False,True,True
mp-2133,cod-4517837,0.928702065755572,0.8888888888888888,False,False,False
mp-2133,cod-9004178,0.03178698,0.031786987840376035,False,True,True
mp-2133,cod-9004179,0.02945277,0.02945277377921407,False,True,True
mp-2133,cod-9004180,0.03624418,0.036244189449704756,False,True,True
mp-2133,cod-9004181,0.02945277,0.02945277377921407,False,True,True
mp-2133,cod-9008877,0.1764088,0.1764088068605274,False,False,True
mp-2133,cod-9011662,0.1763743,0.17637430686052746,False,False,True
mp-2229,mp-2346983,1.46762492,1.467624926110524,False,False,False
mp-2229,mp-997630,0.2790627921708212,0.8571428571428572,False,False,True
mp-2229,cod-1011258,1.02671854,1.0267185468458169,False,False,False
mp-2229,cod-1011259,1.0817251,1.0817251031432362,False,False,False
mp-2229,cod-1534836,0.088326,0.08832600173563776,False,True,True
mp-2229,cod-1536063,1.333313289804187,1.3511696765788832,False,False,False
mp-2229,cod-1537875,1.10375528,1.1037552895339822,False,False,False
mp-2229,cod-2107059,1.02899056,1.028990563001527,False,False,False
mp-2229,cod-2300112,1.03880938,1.038809388796047,False,False,False
mp-2229,cod-2300113,1.02224031,1.0222403107046425,False,False,False
mp-2229,cod-2300114,1.00563109,1.0056310920068015,False,False,False
mp-2229,cod-2300115,0.98979947,0.989799472942873,False,False,False
mp-2229,cod-2300116,0.97879265,0.9787926513505316,False,False,False
mp-2229,cod-2300450,1.03901323,1.039013235812464,False,False,False
mp-2229,cod-4517837,1.3123446960686835,1.3102909355391903,False,False,False
mp-2229,cod-9004178,1.03825915,1.0382591502483547,False,False,False
mp-2229,cod-9004179,1.04099562,1.040995621685258,False,False,False
mp-2229,cod-9004180,1.03825915,1.0382591502483547,False,False,False
mp-2229,cod-9004181,1.04099562,1.040995621685258,False,False,False
mp-2229,cod-9008877,1.0395503,1.0395503009366265,False,False,False
mp-2229,cod-9011662,1.0394221,1.0394221095096126,False,False,False
mp-2346983,mp-997630,1.4193969265963888,1.314492651640955,False,False,False
mp-2346983,cod-1011258,1.31819145,1.3181914573203448,False,False,False
mp-2346983,cod-1011259,1.245591,1.2455910076965369,False,False,False
mp-2346983,cod-1534836,1.5397428,1.539742804534689,False,False,False
mp-2346983,cod-1536063,1.0337130271355537,0.5868175550335972,False,False,False
mp-2346983,cod-1537875,1.28355126,1.2835512629409171,False,False,False
mp-2346983,cod-2107059,1.30682262,1.3068226200000002,False,False,False
mp-2346983,cod-2300112,1.29794264,1.2979426400000003,False,False,False
mp-2346983,cod-2300113,1.30975894,1.3097589400000003,False,False,False
mp-2346983,cod-2300114,1.32314682,1.32314682,False,False,False
mp-2346983,cod-2300115,1.337103125,1.3371031268855926,False,False,False
mp-2346983,cod-2300116,1.3583761650000001,1.3583761717979055,False,False,False
mp-2346983,cod-2300450,1.30907029,1.3090702977687982,False,False,False
mp-2346983,cod-4517837,0.8829580035518609,0.7044082795220246,False,False,False
mp-2346983,cod-9004178,1.29959508,1.29959508,False,False,False
mp-2346983,cod-9004179,1.29877846,1.29877846,False,False,False
mp-2346983,cod-9004180,1.29491166,1.2949116600000001,False,False,False
mp-2346983,cod-9004181,1.30480273,1.3048027364656114,False,False,False
mp-2346983,cod-9008877,1.24562858,1.245628581927281,False,False,False
mp-2346983,cod-9011662,1.24588763,1.245887633472504,False,False,False
mp-997630,cod-1011258,1.0194786500541857,1.0178502569988197,False,False,False
mp-997630,cod-1011259,1.0744852061872567,1.072856813296239,False,False,False
mp-997630,cod-1534836,0.3406829638726808,0.8571428571428572,False,False,True
mp-997630,cod-1536063,1.2422154299224442,1.2010230026156945,False,False,False
mp-997630,cod-1537875,1.0965153894727158,1.094886999686985,False,False,False
mp-997630,cod-2107059,1.0217506682966382,1.0201222731545299,False,False,False
mp-997630,cod-2300112,1.031569492070552,1.0299410989490498,False,False,False
mp-997630,cod-2300113,1.015000415233315,1.0133720208576453,False,False,False
mp-997630,cod-2300114,0.9983911958976838,0.9967628021598038,False,False,False
mp-997630,cod-2300115,0.982558899864309,0.9809306000885885,False,False,False
mp-997630,cod-2300116,0.9715527569712215,0.9699243615035344,False,False,False
mp-997630,cod-2300450,1.0317733378957314,1.0301449459654668,False,False,False
mp-997630,cod-4517837,1.2040601008938283,1.1532595110860946,False,False,False
mp-997630,cod-9004178,1.0310192545925614,1.0293908604013575,False,False,False
mp-997630,cod-9004179,1.0337557244831026,1.0321273318382609,False,False,False
mp-997630,cod-9004180,1.0310192545925614,1.0293908604013575,False,False,False
mp-997630,cod-9004181,1.0337557244831026,1.0321273318382609,False,False,False
mp-997630,cod-9008877,1.0323104045409155,1.0306820110896293,False,False,False
mp-997630,cod-9011662,1.032182212046043,1.0305538196626154,False,False,False
cod-1011258,cod-1011259,0.24694771,0.24694771516140168,False,False,True
cod-1011258,cod-1534836,1.05616054,1.0561605474243625,False,False,False
cod-1011258,cod-1536063,1.1449475258786743,0.8888888888888888,False,False,False
cod-1011258,cod-1537875,0.70760141,0.707601412064248,False,False,False
cod-1011258,cod-2107059,0.04578273,0.04578273755927054,False,True,True
cod-1011258,cod-2300112,0.06131559,0.06131559631984107,False,True,True
cod-1011258,cod-2300113,0.03494099,0.034940996464524865,False,True,True
cod-1011258,cod-2300114,0.06607989,0.06607989103990342,False,True,True
cod-1011258,cod-2300115,0.10513458,0.10513458855347313,False,False,True
cod-1011258,cod-2300116,0.11797542,0.11797542157740626,False,False,True
cod-1011258,cod-2300450,0.05551676,0.05551676866293054,False,True,True
cod-1011258,cod-4517837,0.9376665639812991,0.8899012249918306,False,False,False
cod-1011258,cod-9004178,0.06076494,0.060764941654531945,False,True,True
cod-1011258,cod-9004179,0.06740634,0.06740634907942766,False,True,True
cod-1011258,cod-9004180,0.06232668,0.0623266887118854,False,True,True
cod-1011258,cod-9004181,0.06016165,0.060161659619324404,False,True,True
cod-1011258,cod-9008877,0.16157458,0.16157458026167593,False,False,True
cod-1011258,cod-9011662,0.16159887,0.1615988782569895,False,False,True
cod-1011259,cod-1534836,1.1111671,1.1111671037217818,False,False,False
cod-1011259,cod-1536063,1.0815129778831336,0.8888888888888888,False,False,False
cod-1011259,cod-1537875,0.83056627,0.8305662701413947,False,False,False
cod-1011259,cod-2107059,0.2186,0.21860000000000035,False,False,True
cod-1011259,cod-2300112,0.20319999,0.20319999999999983,False,False,True
cod-1011259,cod-2300113,0.2336,0.23360000000000003,False,False,True
cod-1011259,cod-2300114,0.264,0.26400000000000023,False,False,True
cod-1011259,cod-2300115,0.2922,0.29220000000000024,False,False,True
cod-1011259,cod-2300116,0.312,0.3120000000000003,False,False,True
cod-1011259,cod-2300450,0.20338399,0.2033839999999998,False,False,True
cod-1011259,cod-4517837,0.8679254189368526,0.8888888888888888,False,False,False
cod-1011259,cod-9004178,0.20319999,0.20319999999999983,False,False,True
cod-1011259,cod-9004179,0.1954,0.19540000000000024,False,False,True
cod-1011259,cod-9004180,0.20319999,0.20319999999999983,False,False,True
cod-1011259,cod-9004181,0.1954,0.19540000000000024,False,False,True
cod-1011259,cod-9008877,0.2180055,0.21800550616886216,False,False,True
cod-1011259,cod-9011662,0.21882003,0.21882003095133307,False,False,True
cod-1534836,cod-1536063,1.4054311661982928,1.4232875550030482,False,False,False
cod-1534836,cod-1537875,1.13319729,1.1331972901125278,False,False,False
cod-1534836,cod-2107059,1.05843256,1.0584325635800726,False,False,False
cod-1534836,cod-2300112,1.06825138,1.0682513893745926,False,False,False
cod-1534836,cod-2300113,1.05168231,1.0516823112831881,False,False,False
cod-1534836,cod-2300114,1.03507309,1.035073092585347,False,False,False
cod-1534836,cod-2300115,1.01924147,1.0192414735214186,False,False,False
cod-1534836,cod-2300116,1.00823465,1.0082346519290772,False,False,False
cod-1534836,cod-2300450,1.06845523,1.0684552363910096,False,False,False
cod-1534836,cod-4517837,1.3808737329213572,1.3824088139633552,False,False,False
cod-1534836,cod-9004178,1.06770115,1.0677011508269003,False,False,False
cod-1534836,cod-9004179,1.07043762,1.0704376222638037,False,False,False
cod-1534836,cod-9004180,1.06770115,1.0677011508269003,False,False,False
cod-1534836,cod-9004181,1.07043762,1.0704376222638037,False,False,False
cod-1534836,cod-9008877,1.0689923,1.068992301515172,False,False,False
cod-1534836,cod-9011662,1.06886411,1.0688641100881582,False,False,False
cod-1536063,cod-1537875,1.138216578628444,0.8888888888888888,False,False,False
cod-1536063,cod-2107059,1.1335672692763574,0.8888888888888888,False,False,False
cod-1536063,cod-2300112,1.1258025870637594,0.8888888888888888,False,False,False
cod-1536063,cod-2300113,1.1372115674413592,0.8888888888888888,False,False,False
cod-1536063,cod-2300114,1.149674751637971,0.8888888888888888,False,False,False
cod-1536063,cod-2300115,1.1559057852092065,0.9173774078525527,False,False,False
cod-1536063,cod-2300116,1.17320337514509,0.9386504527648656,False,False,False
cod-1536063,cod-2300450,1.1331276273001196,0.8888888888888888,False,False,False
cod-1536063,cod-4517837,0.6359844044855296,0.2428458209481852,False,False,False
cod-1536063,cod-9004178,1.126942308556756,0.8888888888888888,False,False,False
cod-1536063,cod-9004179,1.1255479794475176,0.8888888888888888,False,False,False
cod-1536063,cod-9004180,1.1238023878652672,0.8888888888888888,False,False,False
cod-1536063,cod-9004181,1.1291521571345857,0.8888888888888888,False,False,False
cod-1536063,cod-9008877,1.0869497164567843,0.8888888888888888,False,False,False
cod-1536063,cod-9011662,1.087236989518887,0.8888888888888888,False,False,False
cod-1537875,cod-2107059,0.71580014,0.7158001414760937,False,False,False
cod-1537875,cod-2300112,0.72794651,0.7279465182084754,False,False,False
cod-1537875,cod-2300113,0.70549017,0.7054901742420743,False,False,False
cod-1537875,cod-2300114,0.71424445,0.7142444577517306,False,False,False
cod-1537875,cod-2300115,0.73708075,0.7370807544919602,False,False,False
cod-1537875,cod-2300116,0.75111376,0.7511137608135003,False,False,False
cod-1537875,cod-2300450,0.72825527,0.7282552775419342,False,False,False
cod-1537875,cod-4517837,0.9912898901626008,0.9772032746023163,False,False,False
cod-1537875,cod-9004178,0.72779117,0.7277911771968029,False,False,False
cod-1537875,cod-9004179,0.73248915,0.7324891549919519,False,False,False
cod-1537875,cod-9004180,0.72779117,0.7277911771968029,False,False,False
cod-1537875,cod-9004181,0.73248915,0.7324891549919519,False,False,False
cod-1537875,cod-9008877,0.72876948,0.7287694884867877,False,False,False
cod-1537875,cod-9011662,0.72832365,0.7283236572837453,False,False,False
cod-2107059,cod-2300112,0.01957072,0.019570727599358406,False,True,True
cod-2107059,cod-2300113,0.01499999,0.01499999999999968,False,True,True
cod-2107059,cod-2300114,0.0454,0.04540000000000077,False,True,True
cod-2107059,cod-2300115,0.08366116,0.0836611643607581,False,True,True
cod-2107059,cod-2300116,0.096744,0.0967440065794607,False,True,True
cod-2107059,cod-2300450,0.03499682,0.034996829299231536,False,True,True
cod-2107059,cod-4517837,0.9277683405946587,0.8888888888888888,False,False,False
cod-2107059,cod-9004178,0.01781906,0.01781906528713506,False,True,True
cod-2107059,cod-9004179,0.02322743,0.02322743483592049,False,True,True
cod-2107059,cod-9004180,0.02117397,0.021173975265359246,False,True,True
cod-2107059,cod-9004181,0.04339292,0.043392929155224635,False,True,True
cod-2107059,cod-9008877,0.18263708,0.18263708260788114,False,False,True
cod-2107059,cod-9011662,0.18266138,0.1826613806031956,False,False,True
cod-2300112,cod-2300113,0.03197032,0.031970320367597616,False,True,True
cod-2300112,cod-2300114,0.06402474,0.06402474572604255,False,True,True
cod-2300112,cod-2300115,0.101901,0.10190100957059389,False,False,True
cod-2300112,cod-2300116,0.11592027,0.1159202762635454,False,False,True
cod-2300112,cod-2300450,0.01731765,0.01731765191000001,False,True,True
cod-2300112,cod-4517837,0.9205939369659978,0.8888888888888888,False,False,False
cod-2300112,cod-9004178,0.00240859,0.0024085945686742605,False,True,True
cod-2300112,cod-9004179,0.00779999,0.007799999999999585,False,True,True
cod-2300112,cod-9004180,0.00528095,0.005280956648567425,False,True,True
cod-2300112,cod-9004181,0.02507734,0.025077344826288872,False,True,True
cod-2300112,cod-9008877,0.17812985,0.17812985418475868,False,False,True
cod-2300112,cod-9011662,0.17816534,0.17816534529807626,False,False,True
cod-2300113,cod-2300114,0.03242756,0.03242756772797595,False,True,True
cod-2300113,cod-2300115,0.07019472,0.07019472216298617,False,True,True
cod-2300113,cod-2300116,0.08394995,0.08394995589594778,False,True,True
cod-2300113,cod-2300450,0.04837819,0.04837819078743166,False,True,True
cod-2300113,cod-4517837,0.9318669962033639,0.8888888888888888,False,False,False
cod-2300113,cod-9004178,0.03105452,0.031054527155232492,False,True,True
cod-2300113,cod-9004179,0.03820925,0.03820925626994587,False,True,True
cod-2300113,cod-9004180,0.03313209,0.0331320950215197,False,True,True
cod-2300113,cod-9004181,0.05678291,0.05678291220249143,False,True,True
cod-2300113,cod-9008877,0.19543113,0.19543113329139405,False,False,True
cod-2300113,cod-9011662,0.19545543,0.1954554312867085,False,False,True
cod-2300114,cod-2300115,0.03984142,0.039841428782409594,False,True,True
cod-2300114,cod-2300116,0.05197193,0.05197193136801648,False,True,True
cod-2300114,cod-2300450,0.07873072,0.07873072592890296,False,True,True
cod-2300114,cod-4517837,0.9459532833914371,0.8933383342027361,False,False,False
cod-2300114,cod-9004178,0.06266754,0.06266754132909291,False,True,True
cod-2300114,cod-9004179,0.0686,0.06860000000000088,False,True,True
cod-2300114,cod-9004180,0.06555827,0.06555827896127653,False,True,True
cod-2300114,cod-9004181,0.08713544,0.08713544734396272,False,True,True
cod-2300114,cod-9008877,0.22748555,0.227485558649839,False,False,True
cod-2300114,cod-9011662,0.22750985,0.22750985664515344,False,False,True
cod-2300115,cod-2300116,0.02805329,0.02805329505410814,False,True,True
cod-2300115,cod-2300450,0.11857178,0.11857178287637993,False,False,True
cod-2300115,cod-4517837,0.9579978606587779,0.9062603061432681,False,False,False
cod-2300115,cod-9004178,0.10124811,0.10124811924418076,False,False,True
cod-2300115,cod-9004179,0.10615866,0.10615866478087543,False,False,True
cod-2300115,cod-9004180,0.09679092,0.0967909239377267,False,True,True
cod-2300115,cod-9004181,0.1269765,0.1269765042914397,False,False,True
cod-2300115,cod-9008877,0.25810804,0.258108044275029,False,False,True
cod-2300115,cod-9011662,0.25813234,0.25813234227034343,False,False,True
cod-2300116,cod-2300450,0.13070157,0.1307015748157454,False,False,True
cod-2300116,cod-4517837,0.9723988900792153,0.9238044388200346,False,False,False
cod-2300116,cod-9004178,0.11456307,0.11456307186659576,False,False,True
cod-2300116,cod-9004179,0.11959763,0.11959763642898569,False,False,True
cod-2300116,cod-9004180,0.11580901,0.11580901189584658,False,False,True
cod-2300116,cod-9004181,0.13910629,0.13910629623080517,False,False,True
cod-2300116,cod-9008877,0.27938108,0.27938108918734184,False,False,True
cod-2300116,cod-9011662,0.27940538,0.2794053871826563,False,False,True
cod-2300450,cod-4517837,0.9268796276700225,0.8888888888888888,False,False,False
cod-2300450,cod-9004178,0.0173323,0.017332300736221384,False,True,True
cod-2300450,cod-9004179,0.01657989,0.016579895997572258,False,True,True
cod-2300450,cod-9004180,0.02194863,0.02194863190999996,False,True,True
cod-2300450,cod-9004181,0.00962669,0.00962669711896691,False,True,True
cod-2300450,cod-9008877,0.17663526,0.1766352680900003,False,False,True
cod-2300450,cod-9011662,0.17660076,0.17660076809000036,False,False,True
cod-4517837,cod-9004178,0.9214179569069476,0.8888888888888888,False,False,False
cod-4517837,cod-9004179,0.919915502300067,0.8888888888888888,False,False,False
cod-4517837,cod-9004180,0.9197510958554916,0.8888888888888888,False,False,False
cod-4517837,cod-9004181,0.923485803208765,0.8888888888888888,False,False,False
cod-4517837,cod-9008877,0.9004038120059646,0.8888888888888888,False,False,False
cod-4517837,cod-9011662,0.9007821419782308,0.8888888888888888,False,False,False
cod-9004178,cod-9004179,0.00779999,0.007799999999999585,False,True,True
cod-9004178,cod-9004180,0.00468342,0.004683420000000105,False,True,True
cod-9004178,cod-9004181,0.0257284,0.025728400592214484,False,True,True
cod-9004178,cod-9008877,0.17741779,0.17741779119931667,False,False,True
cod-9004178,cod-9011662,0.17738329,0.17738329119931673,False,False,True
cod-9004179,cod-9004180,0.00951847,0.009518478738790748,False,True,True
cod-9004179,cod-9004181,0.02187066,0.021870660000000264,False,True,True
cod-9004179,cod-9008877,0.17984803,0.17984803335256405,False,False,True
cod-9004179,cod-9011662,0.17981353,0.17981353335256411,False,False,True
cod-9004180,cod-9004181,0.0301856,0.030185602201543205,False,True,True
cod-9004180,cod-9008877,0.18005729,0.1800572933952953,False,False,True
cod-9004180,cod-9011662,0.18009278,0.18009278119390792,False,False,True
cod-9004181,cod-9008877,0.17093744,0.1709374400000001,False,False,True
cod-9004181,cod-9011662,0.17090294,0.17090294000000017,False,False,True
cod-9008877,cod-9011662,0.00099999,0.0009999999999994458,False,True,True
