,MP/mp-1017539,MP/mp-1093993,MP/mp-1245015,MP/mp-1245109,MP/mp-1245209,MP/mp-1245255,MP/mp-13161,MP/mp-1986,MP/mp-2133,MP/mp-2229,MP/mp-2346983,MP/mp-997630,COD/cod-1011258,COD/cod-1011259,COD/cod-1534836,COD/cod-1536063,COD/cod-1537875,COD/cod-2107059,COD/cod-2300112,COD/cod-2300113,COD/cod-2300114,COD/cod-2300115,COD/cod-2300116,COD/cod-2300450,COD/cod-4517837,COD/cod-9004178,COD/cod-9004179,COD/cod-9004180,COD/cod-9004181,COD/cod-9008877,COD/cod-9011662,OQMD/oqmd-1106917,OQMD/oqmd-116025,OQMD/oqmd-117131,OQMD/oqmd-1223683,OQMD/oqmd-1230655,OQMD/oqmd-1343236,OQMD/oqmd-1343668,OQMD/oqmd-1343724,OQMD/oqmd-1343728,OQMD/oqmd-1439997,OQMD/oqmd-1442030,OQMD/oqmd-1442249,OQMD/oqmd-1443821,OQMD/oqmd-1443987,OQMD/oqmd-1444341,OQMD/oqmd-1472687,OQMD/oqmd-1472817,OQMD/oqmd-1473257,OQMD/oqmd-1474198,OQMD/oqmd-1479504,OQMD/oqmd-1479511,OQMD/oqmd-2029561,OQMD/oqmd-2029562,OQMD/oqmd-2029563,OQMD/oqmd-2029564,OQMD/oqmd-2029839,OQMD/oqmd-2029840,OQMD/oqmd-2029841,OQMD/oqmd-2029842,OQMD/oqmd-2029843,OQMD/oqmd-2029844,OQMD/oqmd-20684,OQMD/oqmd-20685,OQMD/oqmd-2170474,OQMD/oqmd-307732,OQMD/oqmd-328816,OQMD/oqmd-339274,OQMD/oqmd-4908,OQMD/oqmd-6958
MP/mp-1017539,0.0,0.7751869486593175,0.49804874453639547,0.44951750470094565,0.5392213557815828,0.48700045962423344,0.6797530866757211,0.8136973991821455,0.8077683136044875,0.6472767646918065,0.6529415646981533,0.6400362337470815,0.8178150565854119,0.7452146069616039,0.6767187652703521,0.504567802447387,0.7831748622059842,0.8064462192650672,0.7975662392650673,0.8093825392650673,0.8227704192650671,0.8244813792650674,0.8419311492650676,0.8086938970338653,0.3426643627457513,0.7992186792650671,0.7984020592650671,0.7945352592650672,0.8044263357306785,0.745252181192348,0.745511232737571,0.6662627652703521,0.6578841127327832,0.7028725008551504,0.8006062215333571,0.6518237584946323,0.6673057552703523,0.769446928568573,0.6184802582209845,0.7785061659375478,0.6687267152703522,0.6663006452703524,0.7663300107556026,0.6018690560052851,0.805186993657754,0.6719854652703523,0.6669249302703522,0.6494991196321354,0.6677325302703521,0.35254715859977415,0.7325521037905562,0.7324620671283304,0.6803868860698721,0.5353648810052856,0.6570891599011679,0.7637299942192759,0.798524371235098,0.7964766468647424,0.7995567858450383,0.8018551945702235,0.7988340093603106,0.796623315933664,0.7070034420312026,0.8055009971155469,0.7948456744620487,0.7019449876476975,0.6715463402703521,0.7046326022255478,0.7933306730504672,0.6708107652703523
MP/mp-1093993,0.7751869486593175,0.0,0.35570924238167345,0.32566944395837183,0.3667464264088056,0.33869076635302964,0.9586040957363196,0.37739052105686755,0.36510543182636956,1.089336769421454,1.2755633493942504,1.082096238476729,0.3501984338640556,0.40520499016147493,1.1187787699999996,0.7756169434985423,0.4272351765522209,0.35247045001976574,0.3622892758142857,0.3457201977228812,0.3291109790250397,0.31252860643969305,0.3022725383687703,0.3624931228307027,0.5981441639371416,0.3617390372665934,0.36447550870349676,0.3617390372665934,0.36447550870349676,0.3630301879548652,0.36290199652785127,1.1083227699999996,1.0999441174624307,0.9817235099157489,0.39876988596877583,1.0938837632242797,1.1093657599999998,0.4087400199999993,1.060540262950632,0.7003792249341161,1.1107867199999997,1.1083606499999998,0.02868870728579065,0.6602395635603067,0.6749875561487428,1.1140454699999998,1.1089849349999996,0.707869627187157,1.1097925349999995,0.8183014996934763,0.3756563526903314,0.3756307013773186,0.7387573936248937,0.5937353885603072,1.0991491646308154,0.0239551161829068,0.39406857585186117,0.3928833381670018,0.3956671618305809,0.3920500599281107,0.38213434556183623,0.39363708222956983,0.985854451091801,0.3907767509142426,0.39252979160005674,0.980795996708296,1.1136063449999996,0.9834836112861463,0.372439155127231,1.1128707699999998
MP/mp-1245015,0.49804874453639547,0.35570924238167345,0.0,0.08795962402065394,0.04208001869258737,0.026247908733163516,0.8816385006921035,0.42217487744755733,0.40817764894109576,0.7986693317771367,0.9984251452713284,0.7914288008324117,0.42552901744755633,0.4308708054260406,0.8281113323556824,0.49847873937562026,0.45290099181678656,0.40382901744755717,0.3961290174475569,0.411329017447557,0.4265290174475571,0.4406290174475571,0.45052901744755713,0.3962210174475569,0.32100595981421964,0.3961290174475569,0.3922290174475571,0.3961290174475569,0.3922290174475571,0.3960290174475567,0.396529017447556,0.8176553323556823,0.8092766798181135,0.9083345006921038,0.4244357012333415,0.8032163255799625,0.8186983223556825,0.2713981840321775,0.7698728253063147,0.419969164413867,0.8201192823556824,0.8176932123556826,0.3380593774475571,0.634573748295741,0.3638307059531809,0.8233780323556825,0.8183174973556824,0.6822038119225913,0.8191250973556823,0.5411632955705543,0.35807179988025073,0.3585096958059517,0.713091578360328,0.5680695732957415,0.8084817269864981,0.33175412619876665,0.41973439111642685,0.4185491534315675,0.4213329770951466,0.4177158751926764,0.4078001608264019,0.4193028974941355,0.9131045006921035,0.41644256617880826,0.4181956068646224,0.9072635006921042,0.8229389073556823,0.9103668906921039,0.3981049703917967,0.8222033323556825
MP/mp-1245109,0.44951750470094565,0.32566944395837183,0.08795962402065394,0.0,0.0989968080477861,0.07094114799201012,0.8159889521786963,0.3857093507245941,0.37342426149409613,0.7792942908110012,0.9498939054358786,0.7720537598662762,0.3682975518844662,0.4135238198292015,0.8087362913895468,0.44994749954017044,0.43555400621994744,0.3607892796874923,0.3706081054820123,0.35986503456412167,0.37325291456412146,0.3749638745641217,0.392413644564122,0.37081195249842924,0.2724747199787698,0.37005786693431997,0.37279433837122333,0.37005786693431997,0.37279433837122333,0.37134901762259176,0.37122082619557784,0.7982802913895468,0.789901638851978,0.8426849521786965,0.4070887156365024,0.783841284613827,0.799323281389547,0.31992942386762735,0.7504977843401792,0.46455188081419374,0.8007442413895469,0.7983181713895471,0.3387311858962434,0.6519207338925801,0.4072379377877233,0.804002991389547,0.7989424563895469,0.6995507975194304,0.7997500563895468,0.4926320557351045,0.31488992198079613,0.3153278179064971,0.7304385639571671,0.5854165588925806,0.7891066860203626,0.31421248951833025,0.40238740551958774,0.4012021678347284,0.4039859914983075,0.4003688895958373,0.3904531752295628,0.4019559118972964,0.8474549521786963,0.39909558058196914,0.4008486212677833,0.841613952178697,0.8035638663895468,0.8447173421786967,0.3807579847949576,0.802828291389547
MP/mp-1245209,0.5392213557815828,0.3667464264088056,0.04208001869258737,0.0989968080477861,0.0,0.05222089615734937,0.8899233201028247,0.4332120614746895,0.42011780416680367,0.7565893130845494,1.0395977565165158,0.7493487821398244,0.4365662014746885,0.46021736250190903,0.786031313663095,0.5396513506208076,0.482247548892655,0.41486620147468933,0.4173016481547198,0.4223662014746892,0.4375662014746893,0.4516662014746893,0.4615662014746893,0.4175054951711368,0.362178571059407,0.4167514096070275,0.41948788104393087,0.4167514096070275,0.41948788104393087,0.4180425602952993,0.41791436886828537,0.775575313663095,0.7671966611255261,0.916619320102825,0.45378225830920993,0.7611363068873751,0.7766183036630951,0.23022557278699018,0.7277928066137274,0.4054636838575729,0.7780392636630951,0.7756131936630952,0.36143616362269526,0.6052271912198726,0.38876057681674414,0.7812980136630951,0.776237478663095,0.6528572548467229,0.7770450786630949,0.5823359068157417,0.3857389688507511,0.3861768647764521,0.6837450212844596,0.5387230162198731,0.7664017082939107,0.3427913102258988,0.44908094819229527,0.44789571050743593,0.45067953417101503,0.4470624322685448,0.43714671790227033,0.44864945457000394,0.9213893201028247,0.4457891232546767,0.44754216394049084,0.9155483201028254,0.7808588886630949,0.9186517101028251,0.4274515274676651,0.7801233136630952
MP/mp-1245255,0.48700045962423344,0.33869076635302964,0.026247908733163516,0.07094114799201012,0.05222089615734937,0.0,0.8644596680334962,0.42930424505459674,0.41701915582409876,0.7798627796379884,0.9873768603591664,0.7726222486932635,0.4085105414189125,0.45711871415920413,0.8093047802165341,0.48743045446345823,0.4791489005499501,0.40438417401749494,0.4142029998120149,0.3976339217206104,0.4095105414189133,0.4236105414189133,0.4335105414189133,0.4144068468284319,0.3099576749020576,0.4136527612643226,0.41638923270122596,0.4136527612643226,0.41638923270122596,0.4149439119525944,0.41481572052558047,0.798848780216534,0.7904701276789652,0.8911556680334964,0.450683609966505,0.7844097734408142,0.7998917702165342,0.28244646894433956,0.7510662731671665,0.43752960084874815,0.8013127302165342,0.7988866602165343,0.33816269706925617,0.6083258395625775,0.379935915127795,0.8045714802165342,0.7995109452165341,0.6559559031894278,0.800318545216534,0.5301150106583923,0.3585541859778836,0.35899208190358456,0.6868436696271645,0.541821664562578,0.7896751748473498,0.31473565017012284,0.44598229984959037,0.444797062164731,0.4475808858283101,0.4439637839258399,0.43404806955956543,0.44555080622729903,0.8959256680334962,0.4426904749119718,0.44444351559778594,0.8900846680334968,0.804132355216534,0.8931880580334965,0.4243528791249602,0.8033967802165343
MP/mp-13161,0.6797530866757211,0.9586040957363196,0.8816385006921035,0.8159889521786963,0.8899233201028247,0.8644596680334962,0.0,0.892137230670436,0.8798519702358396,0.7388049631553901,1.2245368268697083,0.7353995337217656,0.8649448680947991,0.919951424392218,0.7804422396769666,0.9594252907700724,0.9419816107829639,0.8673811576691839,0.8770357100450297,0.8604666319536247,0.8438574132557837,0.8280257941918552,0.8170189725995138,0.8772395570614466,0.8628903847035874,0.8765019296597027,0.8792384265650779,0.8765019296597027,0.8792384265650779,0.8777930747386047,0.87766487890595,0.7656552226687934,0.4562215856704359,0.03775384526111214,0.9135163201995189,0.36300032067043597,0.767130233272213,0.8333033702921626,0.69808055315539,1.096160206340095,0.7691397741758026,0.7657087930785362,0.9562517979562268,0.7736819599999993,1.1024081906130854,0.7737483426221861,0.7665916653923222,0.4935012965542809,0.7677337842652947,0.9053248111818673,0.6767384789652144,0.6768195501628749,0.562105080670436,0.7566963199999996,0.4588344406704361,0.9825592119192259,0.9118146309839443,0.9110922704403981,0.9127821974030419,0.9096215966171628,0.8998914719879996,0.9113919401649029,0.04449964395363182,0.9055231851449861,0.9100856736627785,0.0362392225358108,0.773127326091609,0.04062807876314345,0.8871856058680554,0.7720870659504664
MP/mp-1986,0.8136973991821455,0.37739052105686755,0.42217487744755733,0.3857093507245941,0.4332120614746895,0.42930424505459674,0.892137230670436,0.0,0.013997535146234696,1.0539106340386288,1.3140737999170784,1.0466707832690716,0.027192362575636952,0.12764650141860612,1.0833526346171745,0.8141273940213702,0.04984465549535333,0.02492007103710181,0.02604650141860665,0.03167059871681133,0.04827981741465237,0.0648619146171745,0.0751182580709222,0.025954501418606668,0.6366546144599696,0.02604650141860665,0.02994650141860644,0.02604650141860665,0.02994650141860644,0.1775119052256522,0.17747740522565225,1.0728966346171744,1.0645179820796056,0.9152566448498654,0.021379364911908283,1.0584576278414546,1.0739396246171746,0.37331388461717463,1.0251141275678068,0.76684486,1.0753605846171745,1.0729345146171747,0.36485933656795355,1.0376300846171742,0.7414531912146267,1.0786193346171746,1.0735587996171745,1.0852601482440245,1.0743663996171744,0.8568119502163043,0.4551597216190868,0.4547675622161611,1.1161479146817612,0.9711259096171747,1.0637230292479902,0.36125744825042627,0.02900897141860659,0.0275551414186066,0.024685921418606593,0.02077151141860689,0.03140481141860674,0.02645667141860608,0.9193875860259175,0.013386229857375032,0.03260929141860647,0.9143291316424125,1.0781802096171744,0.9170167462202627,0.036587231418606425,1.0774446346171747
MP/mp-2133,0.8077683136044875,0.36510543182636956,0.40817764894109576,0.37342426149409613,0.42011780416680367,0.41701915582409876,0.8798519702358396,0.013997535146234696,0.0,1.0416255448081309,1.3081447143394205,1.0343856940385736,0.02278930686052716,0.11364912999999932,1.0710675453866765,0.8081983084437123,0.06212974472585131,0.030895310000000453,0.021975290000000314,0.03835898999999987,0.053271109999999844,0.07778429136618614,0.08031038000000024,0.011957129999999871,0.6307255288823117,0.02192285000000016,0.01923947000000048,0.026606270000000265,0.015949129999999645,0.1764088068605274,0.17637430686052746,1.0606115453866765,1.0522328928491076,0.9029713844152689,0.033664454142406264,1.0461725386109566,1.0616545353866766,0.36102879538667665,1.0128290383373089,0.7528476314935384,1.0630754953866766,1.0606494253866767,0.35257424733745557,1.0253449953866762,0.7274559627081651,1.0663342453866766,1.0612737103866765,1.0729750590135265,1.0620813103866764,0.8508828646386464,0.4428746323885888,0.4424824729856631,1.1038628254512632,0.9588408203866767,1.0514379400174922,0.3489723590199283,0.03196266074810472,0.03124030020455848,0.032930227167202286,0.02976962638132319,0.02003950175215996,0.03153996992906327,0.9071023255913211,0.025671319087873012,0.030233703426938874,0.902043871207816,1.0658951203866764,0.9047314857856663,0.02258985999999963,1.0651595453866767
MP/mp-2229,0.6472767646918065,1.089336769421454,0.7986693317771367,0.7792942908110012,0.7565893130845494,0.7798627796379884,0.7388049631553901,1.0539106340386288,1.0416255448081309,0.0,1.1185250594214544,0.0774125730846662,1.0267185468458169,1.0817251031432362,0.04163727652157645,0.937954376463566,1.1037552895339822,1.028990563001527,1.038809388796047,1.0222403107046425,1.0056310920068015,0.989799472942873,0.9787926513505316,1.039013235812464,0.7367820220175472,1.0382591502483547,1.040995621685258,1.0382591502483547,1.040995621685258,1.0395503009366265,1.0394221095096126,0.026850259513403252,0.3322217682593456,0.7599580348498645,1.0752899989505371,0.5792708817134287,0.028325270116822843,0.6805967494214546,0.12037560557854565,0.9221446999999996,0.030334811020412467,0.026903829923146105,1.1180254767072446,0.7937827242067903,0.8967530312146264,0.03494337946679593,0.027786702236932026,0.6142060899383996,0.02892882110990458,0.9998239232915807,0.7136804167311226,0.7137060680441354,0.7238787594214542,0.8366678071485887,0.33391818862032885,1.0928209794214543,1.070588705157332,1.0694034642057542,1.0721872910846573,1.0685701891611217,1.0586544585435975,1.0701571952113316,0.7640889760259166,1.0672968638960039,1.0690499209494586,0.7590305216424116,0.03432236293621882,0.7617181362202619,1.0489592681089923,0.03328210279507626
MP/mp-2346983,0.6529415646981533,1.2755633493942504,0.9984251452713284,0.9498939054358786,1.0395977565165158,0.9873768603591664,1.2245368268697083,1.3140737999170784,1.3081447143394205,1.1185250594214544,0.0,1.1112867919524922,1.3181914573203448,1.2455910076965369,1.14796706,0.5626810565978428,1.2835512629409171,1.3068226200000002,1.2979426400000003,1.3097589400000003,1.32314682,1.3248577800000003,1.3423075500000006,1.3090702977687982,0.6774191854571088,1.29959508,1.29877846,1.2949116600000001,1.3048027364656114,1.245628581927281,1.245887633472504,1.13751106,1.1291324074624312,1.2512328268697086,1.30098262226829,1.1230720930239517,1.1385540500000002,1.269823329303506,1.0897285529506324,1.2788825666724808,1.1399750100000001,1.1375489400000003,1.2667064114905355,1.1022445100000007,1.305563394392687,1.1432337600000002,1.138173225,1.14987457362685,1.138980825,0.624205984729544,1.2329285045254892,1.2328384678632633,1.1807623400645868,1.0357403350000003,1.1283374546308163,1.2641063949542088,1.298900771970031,1.2968530475996753,1.2999331865799713,1.3022315953051564,1.2992104100952435,1.296999716668597,1.2560028268697083,1.3058773978504798,1.2952220751969816,1.250161826869709,1.142794635,1.2532652168697087,1.2937070737854002,1.1420590600000002
MP/mp-997630,0.6400362337470815,1.082096238476729,0.7914288008324117,0.7720537598662762,0.7493487821398244,0.7726222486932635,0.7353995337217656,1.0466707832690716,1.0343856940385736,0.0774125730846662,1.1112867919524922,0.0,1.0194786960762596,1.074485252373679,0.04504270595520099,0.9307138455188411,1.096515438764425,1.0217507122319698,1.0315695380264898,1.0150004599350853,0.9983912412372438,0.982558941998148,0.9715528005809744,1.0317733850429067,0.7295414910728222,1.0310192994787974,1.0337557709157008,1.0310192994787974,1.0337557709157008,1.0323104501670692,1.0321822587400553,0.05056231357126384,0.32881633882572103,0.7473812448498651,1.0680501481809799,0.5758654522798041,0.04908730296784425,0.673356898651897,0.1184633523003158,0.918739270566375,0.047077762064254625,0.050508743161520986,1.1107849457625196,0.7865421932620653,0.8933476017810018,0.04246919361787116,0.049625870847735065,0.6069655589936747,0.04848375197476251,0.9925833923468557,0.7064398857863976,0.7064655370994104,0.7166382284767292,0.8294272762038637,0.3305127591867043,1.0855804484767293,1.0633488380640652,1.0621636003792059,1.064947424042785,1.0613303221403148,1.0514146077740403,1.0629173444417739,0.7515121860259173,1.0600570131264466,1.0618100538122608,0.7464537316424122,0.04309021014844827,0.7491413462202625,1.041719417339435,0.04413047028959083
COD/cod-1011258,0.8178150565854119,0.3501984338640556,0.42552901744755633,0.3682975518844662,0.4365662014746885,0.4085105414189125,0.8649448680947991,0.027192362575636952,0.02278930686052716,1.0267185468458169,1.3181914573203448,1.0194786960762596,0.0,0.13099999999999978,1.0561605474243625,0.8182450514246367,0.0770367426881653,0.02169999999999961,0.02939999999999987,0.021008119999999852,0.035920239999999826,0.060433421366186124,0.06295951000000022,0.02930799999999989,0.640772271863236,0.02939999999999987,0.03329999999999966,0.02939999999999987,0.03329999999999966,0.15361950000000024,0.1535850000000003,1.0457045474243625,1.0373258948867936,0.8880642822742284,0.04857145210472025,1.0312655406486426,1.0467475374243627,0.34612179742436266,0.9979220403749949,0.770198999999999,1.0481684974243626,1.0457424274243627,0.3376672493751416,1.0104379974243622,0.7448073312146257,1.0514272474243627,1.0463667124243625,1.0580680610512125,1.0471743124243624,0.8609296076195707,0.42796763442627483,0.42757547502334914,1.0889558274889493,0.9439338224243627,1.0365309420551783,0.3340653610576143,0.04686976288914524,0.046147402345599,0.047837329308242804,0.04467672852236371,0.03494660389320048,0.04644707207010379,0.8921952234502806,0.040578317050186996,0.04514080556797939,0.8871367690667755,1.0509881224243625,0.8898243836446258,0.03994072999999965,1.0502525474243627
COD/cod-1011259,0.7452146069616039,0.40520499016147493,0.4308708054260406,0.4135238198292015,0.46021736250190903,0.45711871415920413,0.919951424392218,0.12764650141860612,0.11364912999999932,1.0817251031432362,1.2455910076965369,1.074485252373679,0.13099999999999978,0.0,1.1111671037217818,0.7456446018008287,0.07780270988747207,0.10930000000000017,0.10159999999999991,0.11680000000000001,0.13200000000000012,0.14610000000000012,0.15600000000000014,0.1016919999999999,0.5681718222394281,0.10159999999999991,0.09770000000000012,0.10159999999999991,0.09770000000000012,0.16336950000000017,0.16333500000000023,1.1007111037217818,1.092332451184213,0.9430708385716473,0.10626800047091711,1.086272096946062,1.101754093721782,0.401128353721782,1.0529285966724142,0.6391989999999996,1.103175053721782,1.100748983721782,0.39267380567256094,1.0654445537217816,0.6138073312146264,1.106433803721782,1.1013732687217819,1.113074617348632,1.1021808687217818,0.7883291579957628,0.4829741907236942,0.4825820313207685,1.1439623837863686,0.9989403787217821,1.0915374983525976,0.38907191735503366,0.09863752999999997,0.10009135999999952,0.10296057999999997,0.10687498999999967,0.09624168999999982,0.10118983000000004,0.9472017797476995,0.11426113552544948,0.0950372100000001,0.9421433253641944,1.1059946787217818,0.9448309399420447,0.09105927000000014,1.105259103721782
COD/cod-1534836,0.6767187652703521,1.1187787699999996,0.8281113323556824,0.8087362913895468,0.786031313663095,0.8093047802165341,0.7804422396769666,1.0833526346171745,1.0710675453866765,0.04163727652157645,1.14796706,0.04504270595520099,1.0561605474243625,1.1111671037217818,0.0,0.9673963770421117,1.1331972901125278,1.0584325635800726,1.0682513893745926,1.0516823112831881,1.035073092585347,1.0192414735214186,1.0082346519290772,1.0684552363910096,0.7662240225960928,1.0677011508269003,1.0704376222638037,1.0677011508269003,1.0704376222638037,1.068992301515172,1.0688641100881582,0.014787017008173198,0.373859044780922,0.7426883944158544,1.1047319995290827,0.6209081582350051,0.013312006404753607,0.7100387500000003,0.09093360500000003,0.963781976521576,0.011302465501163983,0.014733446598430344,1.1474674772857902,0.8232247247853359,0.9383903077362028,0.006693897054780518,0.013850574284644424,0.6436480905169453,0.01270845541167187,1.0292659238701263,0.7431224173096682,0.743148068622681,0.7533207599999998,0.8661098077271343,0.3755554651419053,1.12226298,1.1000307057358776,1.0988454647842998,1.101629291663203,1.0980121897396673,1.0880964591221431,1.0995991957898772,0.7359425957233348,1.0967388644745495,1.0984919215280042,0.7442030171411558,0.00731491358535763,0.7398141609138231,1.078401268687538,0.008355173726500187
COD/cod-1536063,0.504567802447387,0.7756169434985423,0.49847873937562026,0.44994749954017044,0.5396513506208076,0.48743045446345823,0.9594252907700724,0.8141273940213702,0.8081983084437123,0.937954376463566,0.5626810565978428,0.9307138455188411,0.8182450514246367,0.7456446018008287,0.9673963770421117,0.0,0.783604857045209,0.806876214104292,0.7979962341042921,0.8098125341042921,0.8232004141042919,0.8249113741042922,0.8423611441042924,0.8091238918730901,0.22019491406108838,0.7996486741042919,0.7988320541042919,0.794965254104292,0.8048563305699032,0.7456821760315728,0.7459412275767958,0.9569403770421117,0.9485617245045428,0.9825447049495017,0.8010362163725819,0.9425013702663918,0.9579833670421118,0.7698769234077978,0.9091578699927441,0.7789361607767726,0.9594043270421118,0.9569782570421119,0.7667600055948274,0.7057884567672317,0.8056169884969788,0.9626630770421118,0.9576025420421117,0.753418520394082,0.9584101420421116,0.5517084627799109,0.732982098629781,0.7328920619675552,0.7843062868318187,0.6392842817672322,0.9477667716729274,0.7641599890585007,0.7989543660743228,0.7969066417039672,0.7999867806842631,0.8022851894094483,0.7992640041995354,0.7970533107728888,0.9866756461255539,0.8059309919547717,0.7952756693012735,0.9816171917420489,0.9622239520421116,0.9843048063198991,0.793760667889692,0.9614883770421119
COD/cod-1537875,0.7831748622059842,0.4272351765522209,0.45290099181678656,0.43555400621994744,0.482247548892655,0.4791489005499501,0.9419816107829639,0.04984465549535333,0.06212974472585131,1.1037552895339822,1.2835512629409171,1.096515438764425,0.0770367426881653,0.07780270988747207,1.1331972901125278,0.783604857045209,0.0,0.07476472653245514,0.06494590073793516,0.08151497882933967,0.09812419752718116,0.11470657011252783,0.12496263818345055,0.0647420537215182,0.6061320774838084,0.06549613928562747,0.06275966784872411,0.06549613928562747,0.06275966784872411,0.20803529705908308,0.20800079705908314,1.1227412901125278,1.114362637574959,0.9651010249623933,0.028465290583445046,1.108302283336808,1.123784280112528,0.42315854011252796,1.0749587830631602,0.7170017098874717,1.1252052401125279,1.122779170112528,0.4147039920633069,1.0874747401125275,0.6916100411020984,1.128463990112528,1.1234034551125278,1.1351048037393778,1.1242110551125277,0.826289413240143,0.5050043771144401,0.5046122177115144,1.1659925701771146,1.020970565112528,1.1135676847433436,0.4111021037457796,0.033166600700359705,0.03435183838521905,0.03156801472163995,0.03518511662411017,0.045100830990384644,0.03359809432265104,0.9692319661384454,0.0364584256379783,0.03470538495216413,0.9641735117549404,1.1280248651125278,0.9668611263327906,0.05479602142498985,1.127289290112528
COD/cod-2107059,0.8064462192650672,0.35247045001976574,0.40382901744755717,0.3607892796874923,0.41486620147468933,0.40438417401749494,0.8673811576691839,0.02492007103710181,0.030895310000000453,1.028990563001527,1.3068226200000002,1.0217507122319698,0.02169999999999961,0.10930000000000017,1.0584325635800726,0.806876214104292,0.07476472653245514,0.0,0.009983643135107911,0.007500000000000284,0.023523744413400216,0.04688898136618569,0.05036218506967005,0.02623767191000015,0.6294034345428914,0.009268587246827664,0.01200505868373103,0.011910960000000026,0.03352650000000024,0.1727612569510606,0.17272675695106066,1.0479765635800726,1.0395979110425038,0.8905005718486132,0.04629943594901009,1.0335375568043528,1.0490195535800728,0.3483938135800728,1.000194056530705,0.7484989999999998,1.0504405135800727,1.048014443580073,0.33993926553085174,1.0127100135800724,0.7231073312146266,1.0536992635800728,1.0486387285800727,1.0603400772069227,1.0494463285800726,0.849560770299226,0.430239650581985,0.4298474911790593,1.0912278436446594,0.9462058385800729,1.0388029582108884,0.33633737721332446,0.045906910000000245,0.044453080000000256,0.045401055994288786,0.04224045518506303,0.048302750000000394,0.04401078249571899,0.8946315130246654,0.03830630089447684,0.049507230000000124,0.8895730586411603,1.0532601385800726,0.8922606732190106,0.02066445378539994,1.0525245635800728
COD/cod-2300112,0.7975662392650673,0.3622892758142857,0.3961290174475569,0.3706081054820123,0.4173016481547198,0.4142029998120149,0.8770357100450297,0.02604650141860665,0.021975290000000314,1.038809388796047,1.2979426400000003,1.0315695380264898,0.02939999999999987,0.10159999999999991,1.0682513893745926,0.7979962341042921,0.06494590073793516,0.009983643135107911,0.0,0.01657045726644757,0.03318105085578793,0.05580900136618583,0.06002159889834724,0.01731765191000001,0.6205234545428915,0.0016524399999997552,0.0038999999999997925,0.004630979999999951,0.024606480000000097,0.17699251434684204,0.1769580143468421,1.0577953893745926,1.0494167368370237,0.900155124224459,0.03648061015449011,1.0433563825988728,1.0588383793745928,0.3582126393745928,1.010012882325225,0.7407989999999995,1.0602593393745927,1.0578332693745929,0.3497580913253717,1.0225288393745924,0.7154073312146263,1.0635180893745928,1.0584575543745927,1.0701589030014427,1.0592651543745926,0.8406807902992262,0.44005847637650497,0.4396663169735793,1.1010466694391794,0.9560246643745929,1.0486217840054084,0.34615620300784444,0.036986890000000106,0.035533060000000116,0.035746487358012224,0.03258588657213313,0.039382730000000254,0.0344345899999996,0.9042860654005112,0.02848747509995686,0.040587209999999985,0.8992276110170061,1.0630789643745926,0.9019152255948564,0.0117444337853998,1.0623433893745928
COD/cod-2300113,0.8093825392650673,0.3457201977228812,0.411329017447557,0.35986503456412167,0.4223662014746892,0.3976339217206104,0.8604666319536247,0.03167059871681133,0.03835898999999987,1.0222403107046425,1.3097589400000003,1.0150004599350853,0.021008119999999852,0.11680000000000001,1.0516823112831881,0.8098125341042921,0.08151497882933967,0.007500000000000284,0.01657045726644757,0.0,0.01661059358934125,0.03942530136618627,0.043451141631900114,0.033701351909999566,0.6323397545428915,0.01643613999999971,0.01911951999999939,0.016035297706078033,0.040990179999999654,0.16794235109345768,0.16790785109345774,1.041226311283188,1.0328476587456192,0.883586046133054,0.05304968824589462,1.0267873045074682,1.0422693012831883,0.3416435612831883,0.9934438042338205,0.7559989999999996,1.0436902612831882,1.0412641912831884,0.3331890132339672,1.0059597612831879,0.7306073312146264,1.0469490112831883,1.0418884762831881,1.0535898249100382,1.042696076283188,0.8524970902992262,0.42348939828510046,0.42309723888217476,1.0844775913477749,0.9394555862831884,1.0320527059140039,0.32958712491643993,0.05337058999999966,0.05191675999999967,0.05231556544941718,0.04915496466353808,0.05576642999999981,0.050925308211278164,0.8877169873091062,0.04505655319136137,0.05697090999999954,0.8826585329256011,1.046509886283188,0.8853461475034514,0.028128133785399356,1.0457743112831883
COD/cod-2300114,0.8227704192650671,0.3291109790250397,0.4265290174475571,0.37325291456412146,0.4375662014746893,0.4095105414189133,0.8438574132557837,0.04827981741465237,0.053271109999999844,1.0056310920068015,1.32314682,0.9983912412372438,0.035920239999999826,0.13200000000000012,1.035073092585347,0.8232004141042919,0.09812419752718116,0.023523744413400216,0.03318105085578793,0.01661059358934125,0.0,0.0245131813661863,0.027039270000000393,0.04861347190999954,0.6457276345428913,0.03264451640391908,0.03538101330929422,0.03264451640391908,0.05590229999999963,0.1593661055287272,0.15933160552872727,1.024617092585347,1.0162384400477782,0.866976827435213,0.06965890694373611,1.0101780858096272,1.0256600825853472,0.34107961029216227,0.9768345855359795,0.7711989999999997,1.0270810425853472,1.0246549725853473,0.3165797945361257,0.9893505425853464,0.7458073312146265,1.0303397925853472,1.025279257585347,1.0369806062121967,1.026086857585347,0.865884970299226,0.40688017958725897,0.4064880201843333,1.0678683726499334,0.9228463675853469,1.0154434872161628,0.31297790621859845,0.06828270999999964,0.06723485718461442,0.06892478414725822,0.06576418336137912,0.07067854999999978,0.06753452690911921,0.8711077686112652,0.06166577188920286,0.07188302999999951,0.8660493142277601,1.029900667585347,0.8687369288056104,0.04332819261227172,1.0291650925853473
COD/cod-2300115,0.8244813792650674,0.31252860643969305,0.4406290174475571,0.3749638745641217,0.4516662014746893,0.4236105414189133,0.8280257941918552,0.0648619146171745,0.07778429136618614,0.989799472942873,1.3248577800000003,0.982558941998148,0.060433421366186124,0.14610000000000012,1.0192414735214186,0.8249113741042922,0.11470657011252783,0.04688898136618569,0.05580900136618583,0.03942530136618627,0.0245131813661863,0.0,0.017449770000000253,0.07312665327618584,0.6474385945428915,0.05586144136618598,0.05854482136618566,0.05117802136618588,0.08041548136618593,0.14793023771450065,0.1478957377145007,1.0087854735214186,1.0004068209838497,0.8511452083712845,0.08624127952908278,0.9943464667456987,1.0098284635214188,0.36559279165834857,0.961002966472051,0.7852989999999997,1.0112494235214187,1.0088233535214188,0.29999742195077905,0.9727681699999997,0.7599073312146265,1.0145081735214188,1.0094476385214186,1.02039823362685,1.0102552385214185,0.8675959302992262,0.3902978070019123,0.3899056475989866,1.0512860000645867,0.9062639950000002,0.9996118681522344,0.2963955336332518,0.09279589136618593,0.09134206136618594,0.08847284136618594,0.08455843136618624,0.09519173136618608,0.09024359136618543,0.8552761495473367,0.07824814447454953,0.09639621136618581,0.8502176951638316,1.0140690485214185,0.8529053097416819,0.06755343515158563,1.0133334735214188
COD/cod-2300116,0.8419311492650676,0.3022725383687703,0.45052901744755713,0.392413644564122,0.4615662014746893,0.4335105414189133,0.8170189725995138,0.0751182580709222,0.08031038000000024,0.9787926513505316,1.3423075500000006,0.9715528005809744,0.06295951000000022,0.15600000000000014,1.0082346519290772,0.8423611441042924,0.12496263818345055,0.05036218506967005,0.06002159889834724,0.043451141631900114,0.027039270000000393,0.017449770000000253,0.0,0.07565274190999993,0.6648883645428918,0.05948295706018891,0.06221945396556405,0.05948295706018891,0.08294157000000002,0.14497355600921757,0.14493905600921764,0.9977786519290772,0.9893999993915084,0.8401383867789431,0.0964973476000055,0.9833396451533574,0.9988216419290774,0.36811888029216266,0.9499961448797096,0.7951989999999998,1.0002426019290773,0.9978165319290775,0.28974135387985633,0.962512101929077,0.7698073312146265,1.0035013519290774,0.9984408169290773,1.0101421655559273,0.9992484169290772,0.8850457002992265,0.3800417389309896,0.3796495795280639,1.041029931993664,0.8960079269290775,0.988605046559893,0.28613946556232905,0.09532198000000003,0.09407329784088425,0.09576322480352806,0.09260262401764896,0.09771782000000018,0.09437296756538904,0.8442693279549953,0.08850421254547225,0.09892229999999991,0.8392108735714903,1.0030622269290772,0.8418984881493405,0.07016663326854156,1.0023266519290774
COD/cod-2300450,0.8086938970338653,0.3624931228307027,0.3962210174475569,0.37081195249842924,0.4175054951711368,0.4144068468284319,0.8772395570614466,0.025954501418606668,0.011957129999999871,1.039013235812464,1.3090702977687982,1.0317733850429067,0.02930799999999989,0.1016919999999999,1.0684552363910096,0.8091238918730901,0.0647420537215182,0.02623767191000015,0.01731765191000001,0.033701351909999566,0.04861347190999954,0.07312665327618584,0.07565274190999993,0.0,0.6316511123116895,0.017265211909999856,0.014581831910000176,0.02194863190999996,0.007288828090000088,0.1766352680900003,0.17660076809000036,1.0579992363910096,1.0496205838534407,0.9003589712408759,0.036276763138073154,1.0435602296152897,1.0590422263910098,0.35841648639100976,1.010216729341642,0.7408909999999995,1.0604631863910097,1.0580371163910098,0.3499619383417887,1.0227326863910093,0.7154993312146263,1.0637219363910098,1.0586614013910096,1.0703627500178596,1.0594690013910095,0.8518084480680241,0.44026232339292193,0.43987016398999623,1.1012505164555964,0.9562285113910098,1.0488256310218254,0.3463600500242614,0.0345750739224977,0.03385271337895146,0.035542640341595266,0.03238203955571617,0.02265191492655294,0.03415238310345625,0.9044899124169281,0.028283628083539902,0.032846116601331854,0.8994314580334231,1.0632828113910096,0.9021190726112733,0.015363223983398067,1.0625472363910098
COD/cod-4517837,0.3426643627457513,0.5981441639371416,0.32100595981421964,0.2724747199787698,0.362178571059407,0.3099576749020576,0.8628903847035874,0.6366546144599696,0.6307255288823117,0.7367820220175472,0.6774191854571088,0.7295414910728222,0.640772271863236,0.5681718222394281,0.7662240225960928,0.22019491406108838,0.6061320774838084,0.6294034345428914,0.6205234545428915,0.6323397545428915,0.6457276345428913,0.6474385945428915,0.6648883645428918,0.6316511123116895,0.0,0.6221758945428912,0.6213592745428913,0.6174924745428914,0.6273835510085026,0.5682093964701722,0.5684684480153952,0.7557680225960928,0.7473893700585239,0.8895863847035876,0.6235634368111813,0.7413290158203729,0.756811012596093,0.5924041438463972,0.7079855155467252,0.601463381215372,0.7582319725960929,0.755805902596093,0.5892872260334268,0.6623631250862823,0.6281442089355782,0.761490722596093,0.7564301875960928,0.7099931887131326,0.7572377875960927,0.38980502307827525,0.5555093190683804,0.5554192824061546,0.7408809551508693,0.5958589500862828,0.7465944172269086,0.5866872094971001,0.6214815865129222,0.6194338621425666,0.6225140011228625,0.6248124098480476,0.6217912246381347,0.6195805312114882,0.8943563847035874,0.6284582123933711,0.6178028897398729,0.888515384703588,0.7610515975960928,0.8916187747035877,0.6162878883282914,0.760316022596093
COD/cod-9004178,0.7992186792650671,0.3617390372665934,0.3961290174475569,0.37005786693431997,0.4167514096070275,0.4136527612643226,0.8765019296597027,0.02604650141860665,0.02192285000000016,1.0382591502483547,1.29959508,1.0310192994787974,0.02939999999999987,0.10159999999999991,1.0677011508269003,0.7996486741042919,0.06549613928562747,0.009268587246827664,0.0016524399999997552,0.01643613999999971,0.03264451640391908,0.05586144136618598,0.05948295706018891,0.017265211909999856,0.6221758945428912,0.0,0.0038999999999997925,0.004683420000000105,0.024554039999999944,0.17741779119931667,0.17738329119931673,1.0572451508269003,1.0488664982893314,0.8996213438391321,0.03703084870218243,1.0428061440511804,1.0582881408269005,0.3576624008269005,1.0094626437775327,0.7407989999999995,1.0597091008269004,1.0572830308269006,0.3492078527776794,1.0219786008269,0.7154073312146263,1.0629678508269005,1.0579073158269003,1.0696086644537504,1.0587149158269002,0.8423332302992259,0.43950823782881265,0.43911607842588696,1.100496430891487,0.9554744258269006,1.048071545457716,0.3456059644601521,0.03693444999999995,0.03548061999999996,0.03628028400376948,0.033119683194543725,0.0393302900000001,0.03489001050520013,0.9037522850151842,0.029037713647649177,0.04053476999999983,0.8986938306316792,1.0625287258269003,0.9013814452095295,0.011691993785399646,1.0617931508269005
COD/cod-9004179,0.7984020592650671,0.36447550870349676,0.3922290174475571,0.37279433837122333,0.41948788104393087,0.41638923270122596,0.8792384265650779,0.02994650141860644,0.01923947000000048,1.040995621685258,1.29877846,1.0337557709157008,0.03329999999999966,0.09770000000000012,1.0704376222638037,0.7988320541042919,0.06275966784872411,0.01200505868373103,0.0038999999999997925,0.01911951999999939,0.03538101330929422,0.05854482136618566,0.06221945396556405,0.014581831910000176,0.6213592745428913,0.0038999999999997925,0.0,0.007366799999999785,0.021870660000000264,0.17984803335256405,0.17981353335256411,1.0599816222638037,1.0516029697262348,0.9023578407445072,0.034294377265279063,1.0455426154880838,1.0610246122638038,0.36039887226380385,1.012199115214436,0.7368989999999997,1.0624455722638038,1.060019502263804,0.35194432421458277,1.0247150722638034,0.7115073312146265,1.0657043222638038,1.0606437872638037,1.0723451358906537,1.0614513872638036,0.841516610299226,0.442244709265716,0.4418525498627903,1.1032329023283904,0.9582108972638039,1.0508080168946194,0.3483424358970555,0.03425107000000027,0.03279724000000028,0.033543787098394784,0.03038318628916903,0.03664691000000042,0.03215351359982499,0.9064887819205594,0.026301242210745812,0.03785139000000015,0.9014303275370543,1.0652651972638036,0.9041179421149046,0.009008613785399966,1.0645296222638039
COD/cod-9004180,0.7945352592650672,0.3617390372665934,0.3961290174475569,0.37005786693431997,0.4167514096070275,0.4136527612643226,0.8765019296597027,0.02604650141860665,0.026606270000000265,1.0382591502483547,1.2949116600000001,1.0310192994787974,0.02939999999999987,0.10159999999999991,1.0677011508269003,0.794965254104292,0.06549613928562747,0.011910960000000026,0.004630979999999951,0.016035297706078033,0.03264451640391908,0.05117802136618588,0.05948295706018891,0.02194863190999996,0.6174924745428914,0.004683420000000105,0.007366799999999785,0.0,0.02923746000000005,0.17596703782526424,0.1759325378252643,1.0572451508269003,1.0488664982893314,0.8996213438391321,0.03703084870218243,1.0428061440511804,1.0582881408269005,0.3576624008269005,1.0094626437775327,0.7407989999999995,1.0597091008269004,1.0572830308269006,0.3492078527776794,1.0219786008269,0.7154073312146263,1.0629678508269005,1.0579073158269003,1.0696086644537504,1.0587149158269002,0.837649810299226,0.43950823782881265,0.43911607842588696,1.100496430891487,0.9554744258269006,1.048071545457716,0.3456059644601521,0.04161787000000006,0.04016404000000007,0.03729482000000006,0.03338041000000036,0.044013710000000206,0.03906556999999955,0.9037522850151842,0.029037713647649177,0.045218189999999936,0.8986938306316792,1.0625287258269003,0.9013814452095295,0.01637541378539975,1.0617931508269005
COD/cod-9004181,0.8044263357306785,0.36447550870349676,0.3922290174475571,0.37279433837122333,0.41948788104393087,0.41638923270122596,0.8792384265650779,0.02994650141860644,0.015949129999999645,1.040995621685258,1.3048027364656114,1.0337557709157008,0.03329999999999966,0.09770000000000012,1.0704376222638037,0.8048563305699032,0.06275966784872411,0.03352650000000024,0.024606480000000097,0.040990179999999654,0.05590229999999963,0.08041548136618593,0.08294157000000002,0.007288828090000088,0.6273835510085026,0.024554039999999944,0.021870660000000264,0.02923746000000005,0.0,0.1709374400000001,0.17090294000000017,1.0599816222638037,1.0516029697262348,0.9023578407445072,0.034294377265279063,1.0455426154880838,1.0610246122638038,0.36039887226380385,1.012199115214436,0.7368989999999997,1.0624455722638038,1.060019502263804,0.35194432421458277,1.0247150722638034,0.7115073312146265,1.0657043222638038,1.0606437872638037,1.0723451358906537,1.0614513872638036,0.8475408867648373,0.442244709265716,0.4418525498627903,1.1032329023283904,0.9582108972638039,1.0508080168946194,0.3483424358970555,0.032576220727477345,0.03185386343109986,0.033543787098394784,0.03038318628916903,0.02065304542292168,0.03215351359982499,0.9064887819205594,0.026301242210745812,0.030847263451160067,0.9014303275370543,1.0652651972638036,0.9041179421149046,0.013184625533562588,1.0645296222638039
COD/cod-9008877,0.745252181192348,0.3630301879548652,0.3960290174475567,0.37134901762259176,0.4180425602952993,0.4149439119525944,0.8777930747386047,0.1775119052256522,0.1764088068605274,1.0395503009366265,1.245628581927281,1.0323104501670692,0.15361950000000024,0.16336950000000017,1.068992301515172,0.7456821760315728,0.20803529705908308,0.1727612569510606,0.17699251434684204,0.16794235109345768,0.1593661055287272,0.14793023771450065,0.14497355600921757,0.1766352680900003,0.5682093964701722,0.17741779119931667,0.17984803335256405,0.17596703782526424,0.1709374400000001,0.0,0.0004999999999997229,1.058536301515172,1.0501576489776032,0.900912488918034,0.19060393773171014,1.0440972947394522,1.0595792915151723,0.3589535515151723,1.0107537944658045,0.7406989999999993,1.0610002515151722,1.0585741815151724,0.3504990034659512,1.0232697515151719,0.7153073312146261,1.0642590015151723,1.0591984665151721,1.0708998151420221,1.060006066515172,0.7883667322265069,0.44079938851708445,0.44040722911415875,1.1017875815797589,0.9567655765151724,1.0493626961459879,0.3468971151484239,0.1898144793690657,0.19008777634421992,0.18925775253758959,0.18808376571609386,0.18806853973811477,0.18989573011546712,0.9050434300940862,0.18570916214952038,0.19136374214678487,0.8999849757105811,1.063819876515172,0.9026725902884314,0.1841220655335627,1.0630843015151723
COD/cod-9011662,0.745511232737571,0.36290199652785127,0.396529017447556,0.37122082619557784,0.41791436886828537,0.41481572052558047,0.87766487890595,0.17747740522565225,0.17637430686052746,1.0394221095096126,1.245887633472504,1.0321822587400553,0.1535850000000003,0.16333500000000023,1.0688641100881582,0.7459412275767958,0.20800079705908314,0.17272675695106066,0.1769580143468421,0.16790785109345774,0.15933160552872727,0.1478957377145007,0.14493905600921764,0.17660076809000036,0.5684684480153952,0.17738329119931673,0.17981353335256411,0.1759325378252643,0.17090294000000017,0.0004999999999997229,0.0,1.0584081100881582,1.0500294575505893,0.9007842930853793,0.1905694377317102,1.0439691033124383,1.0594511000881583,0.35882536008815835,1.0106256030387906,0.7411989999999986,1.0608720600881583,1.0584459900881584,0.3503708120389373,1.023141560088158,0.7158073312146254,1.0641308100881584,1.0590702750881582,1.0707716237150082,1.0598778750881581,0.7886257837717299,0.4406711970900705,0.4402790376871448,1.101659390152745,0.9566373850881584,1.049234504718974,0.34676892372141,0.18977997936906577,0.19005327634421998,0.18922325253758965,0.18804926571609393,0.18803403973811483,0.18986123011546718,0.9049152342614315,0.18567466214952044,0.19132924214678493,0.8998567798779264,1.0636916850881581,0.9025443944557767,0.18408756553356276,1.0629561100881584
OQMD/oqmd-1106917,0.6662627652703521,1.1083227699999996,0.8176553323556823,0.7982802913895468,0.775575313663095,0.798848780216534,0.7656552226687934,1.0728966346171744,1.0606115453866765,0.026850259513403252,1.13751106,0.05056231357126384,1.0457045474243625,1.1007111037217818,0.014787017008173198,0.9569403770421117,1.1227412901125278,1.0479765635800726,1.0577953893745926,1.041226311283188,1.024617092585347,1.0087854735214186,0.9977786519290772,1.0579992363910096,0.7557680225960928,1.0572451508269003,1.0599816222638037,1.0572451508269003,1.0599816222638037,1.058536301515172,1.0584081100881582,0.0,0.3590720277727488,0.7331077753364621,1.0942759995290827,0.6061211412268319,0.001475010603419591,0.6995827500000003,0.10138960500000005,0.9489949595134028,0.003484551507009215,5.357040974285354e-05,1.1370114772857902,0.8127687247853359,0.9236032907280296,0.00809311995339268,0.0009364427235287742,0.6331920905169452,0.002078561596501327,1.0188099238701263,0.7326664173096682,0.732692068622681,0.7428647599999998,0.8556538077271343,0.3607684481337321,1.11180698,1.0895747057358776,1.0883894647842998,1.0911732916632029,1.0875561897396673,1.0776404591221431,1.0891431957898772,0.7372387165125143,1.0862828644745495,1.0880359215280042,0.7321802621290092,0.007472103422815568,0.7348678767068595,1.067945268687538,0.006431843281673011
OQMD/oqmd-116025,0.6578841127327832,1.0999441174624307,0.8092766798181135,0.789901638851978,0.7671966611255261,0.7904701276789652,0.4562215856704359,1.0645179820796056,1.0522328928491076,0.3322217682593456,1.1291324074624312,0.32881633882572103,1.0373258948867936,1.092332451184213,0.373859044780922,0.9485617245045428,1.114362637574959,1.0395979110425038,1.0494167368370237,1.0328476587456192,1.0162384400477782,1.0004068209838497,0.9893999993915084,1.0496205838534407,0.7473893700585239,1.0488664982893314,1.0516029697262348,1.0488664982893314,1.0516029697262348,1.0501576489776032,1.0500294575505893,0.3590720277727488,0.0,0.4793409998498652,1.0858973469915139,0.2470491134540831,0.3605470383761684,0.6912040974624314,0.2914973582593454,0.7837196763400947,0.36255657927975804,0.3591255981824917,1.1286328247482214,0.804390072247767,0.6461866049426495,0.3671651477261415,0.3600084704962776,0.6248134379793764,0.36115058936925015,1.0104312713325574,0.7242877647720993,0.7243134160851121,0.7344861074624309,0.8472751551895654,0.004619610000000662,1.103428327462431,1.0811960531983087,1.080010812246731,1.082794639125634,1.0791775372020984,1.0692618065845743,1.0807645432523083,0.4834719410259174,1.0779042119369806,1.0796572689904353,0.47841348664241234,0.3665441311955644,0.4811011012202626,1.059566616149969,0.36550387105442184
OQMD/oqmd-117131,0.7028725008551504,0.9817235099157489,0.9083345006921038,0.8426849521786965,0.916619320102825,0.8911556680334964,0.03775384526111214,0.9152566448498654,0.9029713844152689,0.7599580348498645,1.2512328268697086,0.7473812448498651,0.8880642822742284,0.9430708385716473,0.7426883944158544,0.9825447049495017,0.9651010249623933,0.8905005718486132,0.900155124224459,0.883586046133054,0.866976827435213,0.8511452083712845,0.8401383867789431,0.9003589712408759,0.8895863847035876,0.8996213438391321,0.9023578407445072,0.8996213438391321,0.9023578407445072,0.900912488918034,0.9007842930853793,0.7331077753364621,0.4793409998498652,0.0,0.9366357343789482,0.3861197348498653,0.7316327647330425,0.8599993702921624,0.6970535855216968,1.1228562063400949,0.7313859289146905,0.7330542049267192,0.9793712121356561,0.8003779599999996,1.1255276047925147,0.7359944973610739,0.7321713326129333,0.5201972965542812,0.7310292137399608,0.9284442253612966,0.7034344789652147,0.7035155501628751,0.5856136931169811,0.7833923199999999,0.4819538548498654,1.0056786260986552,0.9349340451633736,0.9342116846198274,0.9359016115824712,0.9327410107965921,0.9230108861674289,0.9345113543443322,0.006745798692519678,0.9286425993244154,0.9332050878422078,0.00151462272530134,0.7353734808304968,0.0028742335020313092,0.9103050200474847,0.7343332206893542
OQMD/oqmd-1223683,0.8006062215333571,0.39876988596877583,0.4244357012333415,0.4070887156365024,0.45378225830920993,0.450683609966505,0.9135163201995189,0.021379364911908283,0.033664454142406264,1.0752899989505371,1.30098262226829,1.0680501481809799,0.04857145210472025,0.10626800047091711,1.1047319995290827,0.8010362163725819,0.028465290583445046,0.04629943594901009,0.03648061015449011,0.05304968824589462,0.06965890694373611,0.08624127952908278,0.0964973476000055,0.036276763138073154,0.6235634368111813,0.03703084870218243,0.034294377265279063,0.03703084870218243,0.034294377265279063,0.19060393773171014,0.1905694377317102,1.0942759995290827,1.0858973469915139,0.9366357343789482,0.0,1.0798369927533629,1.095318989529083,0.3946932495290829,1.0464934924797151,0.7454670004709167,1.0967399495290828,1.094313879529083,0.38623870147986183,1.0590094495290825,0.7200753316855435,1.099998699529083,1.0949381645290828,1.1066395131559328,1.0957457645290827,0.843720772567516,0.4765390865309951,0.4761469271280694,1.1375272795936695,0.992505274529083,1.0851023941598985,0.38263681316233455,0.007630470470917583,0.006176640470917594,0.003307420470917588,0.006719826040665122,0.016635540406939597,0.005132803739205993,0.9407666755550004,0.007993135054533251,0.011230790470917018,0.9357082211714953,1.0995595745290827,0.9383958357493456,0.026330730841544803,1.098823999529083
OQMD/oqmd-1230655,0.6518237584946323,1.0938837632242797,0.8032163255799625,0.783841284613827,0.7611363068873751,0.7844097734408142,0.36300032067043597,1.0584576278414546,1.0461725386109566,0.5792708817134287,1.1230720930239517,0.5758654522798041,1.0312655406486426,1.086272096946062,0.6209081582350051,0.9425013702663918,1.108302283336808,1.0335375568043528,1.0433563825988728,1.0267873045074682,1.0101780858096272,0.9943464667456987,0.9833396451533574,1.0435602296152897,0.7413290158203729,1.0428061440511804,1.0455426154880838,1.0428061440511804,1.0455426154880838,1.0440972947394522,1.0439691033124383,0.6061211412268319,0.2470491134540831,0.3861197348498653,1.0798369927533629,0.0,0.6075961518302515,0.6851437432242804,0.5385464717134285,0.8526779063400949,0.6096056927338411,0.6061747116365748,1.1225724705100704,0.798329718009616,0.7394078699426494,0.6142142611802246,0.6070575839503607,0.6187530837412254,0.6081997028233332,1.0043709170944064,0.7182274105339483,0.7182530618469611,0.7284257532242799,0.8412148009514144,0.24535269309309982,1.09736797322428,1.0751356989601577,1.07395045800858,1.076734284887483,1.0731171829639474,1.0632014523464233,1.0747041890141573,0.39025067602591745,1.0718438576988296,1.0735969147522844,0.3851922216424124,0.6135932446496475,0.3878798362202627,1.053506261911818,0.6125529845085049
OQMD/oqmd-1343236,0.6673057552703523,1.1093657599999998,0.8186983223556825,0.799323281389547,0.7766183036630951,0.7998917702165342,0.767130233272213,1.0739396246171746,1.0616545353866766,0.028325270116822843,1.1385540500000002,0.04908730296784425,1.0467475374243627,1.101754093721782,0.013312006404753607,0.9579833670421118,1.123784280112528,1.0490195535800728,1.0588383793745928,1.0422693012831883,1.0256600825853472,1.0098284635214188,0.9988216419290774,1.0590422263910098,0.756811012596093,1.0582881408269005,1.0610246122638038,1.0582881408269005,1.0610246122638038,1.0595792915151723,1.0594511000881583,0.001475010603419591,0.3605470383761684,0.7316327647330425,1.095318989529083,0.6075961518302515,0.0,0.7006257400000004,0.10034661499999986,0.9504699701168224,0.002009540903589624,0.0014214401936767374,1.1380544672857904,0.8138117147853361,0.9250783013314492,0.006618109349973089,0.0005385678798908167,0.6342350805169454,0.0006035509930817362,1.0198529138701264,0.7337094073096684,0.7337350586226812,0.74390775,0.8566967977271345,0.3622434587371517,1.11284997,1.0906176957358777,1.0894324547843,1.092216281663203,1.0885991797396675,1.0786834491221433,1.0901861857898774,0.7357637059090947,1.0873258544745497,1.0890789115280044,0.7308910107364022,0.005997092819395977,0.7333928661034399,1.068988258687538,0.00495683267825342
OQMD/oqmd-1343668,0.769446928568573,0.4087400199999993,0.2713981840321775,0.31992942386762735,0.23022557278699018,0.28244646894433956,0.8333033702921626,0.37331388461717463,0.36102879538667665,0.6805967494214546,1.269823329303506,0.673356898651897,0.34612179742436266,0.401128353721782,0.7100387500000003,0.7698769234077978,0.42315854011252796,0.3483938135800728,0.3582126393745928,0.3416435612831883,0.34107961029216227,0.36559279165834857,0.36811888029216266,0.35841648639100976,0.5924041438463972,0.3576624008269005,0.36039887226380385,0.3576624008269005,0.36039887226380385,0.3589535515151723,0.35882536008815835,0.6995827500000003,0.6912040974624314,0.8599993702921624,0.3946932495290829,0.6851437432242804,0.7006257400000004,0.0,0.6518002429506327,0.46503962970783697,0.7020467000000004,0.6996206300000005,0.43742872728578996,0.6643161999999996,0.4396479609224637,0.7053054500000004,0.7002449150000003,0.7119462636268499,0.7010525150000002,0.8125614796027318,0.46152733430094717,0.4615501260949211,0.7428340300645866,0.5978120250000001,0.690409144630816,0.41222422999999964,0.3899919557358773,0.3888067147842995,0.3915905416632026,0.387973439739667,0.3780577091221433,0.3895604457898769,0.8647693702921626,0.38670011447454966,0.38845317152800396,0.8589283702921628,0.7048663250000002,0.8620317602921626,0.3683625186875381,0.7041307500000005
OQMD/oqmd-1343724,0.6184802582209845,1.060540262950632,0.7698728253063147,0.7504977843401792,0.7277928066137274,0.7510662731671665,0.69808055315539,1.0251141275678068,1.0128290383373089,0.12037560557854565,1.0897285529506324,0.1184633523003158,0.9979220403749949,1.0529285966724142,0.09093360500000003,0.9091578699927441,1.0749587830631602,1.000194056530705,1.010012882325225,0.9934438042338205,0.9768345855359795,0.961002966472051,0.9499961448797096,1.010216729341642,0.7079855155467252,1.0094626437775327,1.012199115214436,1.0094626437775327,1.012199115214436,1.0107537944658045,1.0106256030387906,0.10138960500000005,0.2914973582593454,0.6970535855216968,1.0464934924797151,0.5385464717134285,0.10034661499999986,0.6518002429506327,0.0,0.8814202899999994,0.09892565499999995,0.10135172499999978,1.0892289702364226,0.7649862177359683,0.8560286212146262,0.09566690499999986,0.10072744,0.5854095834675777,0.09991984000000009,0.9710274168207587,0.6848839102603006,0.6849095615733134,0.6950822529506322,0.8078713006777667,0.2931937786203287,1.0640244729506323,1.04179219868651,1.0406069577349322,1.0433907846138353,1.0397736826902997,1.0298579520727755,1.0413606887405096,0.701184526697749,1.0385003574251819,1.0402534144786366,0.696126072314244,0.09610603000000006,0.6988136868920942,1.0201627616381703,0.09684160499999983
OQMD/oqmd-1343728,0.7785061659375478,0.7003792249341161,0.419969164413867,0.46455188081419374,0.4054636838575729,0.43752960084874815,1.096160206340095,0.76684486,0.7528476314935384,0.9221446999999996,1.2788825666724808,0.918739270566375,0.770198999999999,0.6391989999999996,0.963781976521576,0.7789361607767726,0.7170017098874717,0.7484989999999998,0.7407989999999995,0.7559989999999996,0.7711989999999997,0.7852989999999997,0.7951989999999998,0.7408909999999995,0.601463381215372,0.7407989999999995,0.7368989999999997,0.7407989999999995,0.7368989999999997,0.7406989999999993,0.7411989999999986,0.9489949595134028,0.7837196763400947,1.1228562063400949,0.7454670004709167,0.8526779063400949,0.9504699701168224,0.46503962970783697,0.8814202899999994,0.0,0.9524795110204121,0.9490485299231457,0.6827293599999997,0.8247914410247459,0.5924176926354736,0.9570880794667955,0.9499314022369316,0.7031136909340256,0.9510735211099042,0.8216207169717067,0.7243841703488796,0.7244069621428535,0.7394253068830183,0.7819063590518214,0.7883392863400944,0.6764241087512093,0.7378365299999992,0.7392903599999991,0.7421595799999992,0.7460739899999989,0.735440689999999,0.7403888299999992,1.127626206340095,0.7534601355254491,0.7342362099999997,1.1217852063400953,0.9564670629362184,1.124888596340095,0.7302582699999998,0.9554268027950759
OQMD/oqmd-1439997,0.6687267152703522,1.1107867199999997,0.8201192823556824,0.8007442413895469,0.7780392636630951,0.8013127302165342,0.7691397741758026,1.0753605846171745,1.0630754953866766,0.030334811020412467,1.1399750100000001,0.047077762064254625,1.0481684974243626,1.103175053721782,0.011302465501163983,0.9594043270421118,1.1252052401125279,1.0504405135800727,1.0602593393745927,1.0436902612831882,1.0270810425853472,1.0112494235214187,1.0002426019290773,1.0604631863910097,0.7582319725960929,1.0597091008269004,1.0624455722638038,1.0597091008269004,1.0624455722638038,1.0610002515151722,1.0608720600881583,0.003484551507009215,0.36255657927975804,0.7313859289146905,1.0967399495290828,0.6096056927338411,0.002009540903589624,0.7020467000000004,0.09892565499999995,0.9524795110204121,0.0,0.0034309810972663612,1.1394754272857903,0.815232674785336,0.9270878422350388,0.004608568446383465,0.0025481087834804406,0.6356560405169454,0.0014059899105078877,1.0212738738701264,0.7351303673096683,0.7351560186226811,0.7453287099999999,0.8581177577271344,0.3642529996407413,1.11427093,1.0920386557358777,1.0908534147842999,1.093637241663203,1.0900201397396674,1.0801044091221432,1.0916071457898773,0.733754165005505,1.0887468144745496,1.0904998715280043,0.7329005516399918,0.003987551915806353,0.7313833251998503,1.070409218687538,0.002947291774663796
OQMD/oqmd-1442030,0.6663006452703524,1.1083606499999998,0.8176932123556826,0.7983181713895471,0.7756131936630952,0.7988866602165343,0.7657087930785362,1.0729345146171747,1.0606494253866767,0.026903829923146105,1.1375489400000003,0.050508743161520986,1.0457424274243627,1.100748983721782,0.014733446598430344,0.9569782570421119,1.122779170112528,1.048014443580073,1.0578332693745929,1.0412641912831884,1.0246549725853473,1.0088233535214188,0.9978165319290775,1.0580371163910098,0.755805902596093,1.0572830308269006,1.060019502263804,1.0572830308269006,1.060019502263804,1.0585741815151724,1.0584459900881584,5.357040974285354e-05,0.3591255981824917,0.7330542049267192,1.094313879529083,0.6061747116365748,0.0014214401936767374,0.6996206300000005,0.10135172499999978,0.9490485299231457,0.0034309810972663612,0.0,1.1370493572857905,0.8128066047853362,0.9236568611377725,0.008039549543649827,0.0008828723137859207,0.6332299705169455,0.0020249911867584736,1.0188478038701265,0.7327042973096685,0.7327299486226813,0.7429026400000001,0.8556916877271346,0.36082201854347495,1.1118448600000002,1.0896125857358778,1.0884273447843,1.0912111716632031,1.0875940697396675,1.0776783391221434,1.0891810757898774,0.7371851461027714,1.0863207444745497,1.0880738015280045,0.7321266917192664,0.0074185330130727145,0.7348143062971166,1.0679831486875382,0.006378272871930157
OQMD/oqmd-1442249,0.7663300107556026,0.02868870728579065,0.3380593774475571,0.3387311858962434,0.36143616362269526,0.33816269706925617,0.9562517979562268,0.36485933656795355,0.35257424733745557,1.1180254767072446,1.2667064114905355,1.1107849457625196,0.3376672493751416,0.39267380567256094,1.1474674772857902,0.7667600055948274,0.4147039920633069,0.33993926553085174,0.3497580913253717,0.3331890132339672,0.3165797945361257,0.29999742195077905,0.28974135387985633,0.3499619383417887,0.5892872260334268,0.3492078527776794,0.35194432421458277,0.3492078527776794,0.35194432421458277,0.3504990034659512,0.3503708120389373,1.1370114772857902,1.1286328247482214,0.9793712121356561,0.38623870147986183,1.1225724705100704,1.1380544672857904,0.43742872728578996,1.0892289702364226,0.6827293599999997,1.1394754272857903,1.1370493572857905,0.0,0.6727707480492207,0.6573376912146265,1.1427341772857904,1.1376736422857903,0.720400811676071,1.1384812422857902,0.8094445617897614,0.404345059976122,0.4043194086631092,0.7512885781138077,0.6062665730492212,1.127837871916606,0.02630741396299907,0.3815373913629472,0.38035215367808783,0.38313597734166693,0.3795188754391967,0.36960316107292224,0.38110589774065584,0.9835021533117083,0.3782455664253286,0.37999860711114275,0.9784436989282033,1.1422950522857902,0.9811313135060535,0.35990797063831703,1.1415594772857904
OQMD/oqmd-1443821,0.6018690560052851,0.6602395635603067,0.634573748295741,0.6519207338925801,0.6052271912198726,0.6083258395625775,0.7736819599999993,1.0376300846171742,1.0253449953866762,0.7937827242067903,1.1022445100000007,0.7865421932620653,1.0104379974243622,1.0654445537217816,0.8232247247853359,0.7057884567672317,1.0874747401125275,1.0127100135800724,1.0225288393745924,1.0059597612831879,0.9893505425853464,0.9727681699999997,0.962512101929077,1.0227326863910093,0.6623631250862823,1.0219786008269,1.0247150722638034,1.0219786008269,1.0247150722638034,1.0232697515151719,1.023141560088158,0.8127687247853359,0.804390072247767,0.8003779599999996,1.0590094495290825,0.798329718009616,0.8138117147853361,0.6643161999999996,0.7649862177359683,0.8247914410247459,0.815232674785336,0.8128066047853362,0.6727707480492207,0.0,0.6178195999999998,0.8184914247853361,0.813430889785336,0.2801806634457189,0.8142384897853359,0.8393362617528997,0.5824703629980874,0.5828625224010131,0.2875489278016321,0.06650417500000039,0.8035951194161517,0.6763726363667479,1.0543081394121678,1.0531229017273085,1.0559067253908876,1.0522896234884174,1.042373909122143,1.0538766457898765,0.8051479599999993,1.0510163144745492,1.0527693551603634,0.79930696,0.8180522997853359,0.8024103499999997,1.0326787186875377,0.8173167247853361
OQMD/oqmd-1443987,0.805186993657754,0.6749875561487428,0.3638307059531809,0.4072379377877233,0.38876057681674414,0.379935915127795,1.1024081906130854,0.7414531912146267,0.7274559627081651,0.8967530312146264,1.305563394392687,0.8933476017810018,0.7448073312146257,0.6138073312146264,0.9383903077362028,0.8056169884969788,0.6916100411020984,0.7231073312146266,0.7154073312146263,0.7306073312146264,0.7458073312146265,0.7599073312146265,0.7698073312146265,0.7154993312146263,0.6281442089355782,0.7154073312146263,0.7115073312146265,0.7154073312146263,0.7115073312146265,0.7153073312146261,0.7158073312146254,0.9236032907280296,0.6461866049426495,1.1255276047925147,0.7200753316855435,0.7394078699426494,0.9250783013314492,0.4396479609224637,0.8560286212146262,0.5924176926354736,0.9270878422350388,0.9236568611377725,0.6573376912146265,0.6178195999999998,0.0,0.9316964106814223,0.9245397334515584,0.6654496636268501,0.9256818523245309,0.8483015446919129,0.5133818772636611,0.5134528973399966,0.7140336380976451,0.5513154250000003,0.6439125446308158,0.651032439965836,0.7124448612146259,0.7138986912146259,0.7167679112146259,0.7206823212146256,0.7100490212146258,0.714997161214626,1.1296585459685669,0.7280684667400759,0.7088445412146265,1.1246000915850618,0.9310753941508452,1.127287706162912,0.7048666012146265,0.9300351340097026
OQMD/oqmd-1444341,0.6719854652703523,1.1140454699999998,0.8233780323556825,0.804002991389547,0.7812980136630951,0.8045714802165342,0.7737483426221861,1.0786193346171746,1.0663342453866766,0.03494337946679593,1.1432337600000002,0.04246919361787116,1.0514272474243627,1.106433803721782,0.006693897054780518,0.9626630770421118,1.128463990112528,1.0536992635800728,1.0635180893745928,1.0469490112831883,1.0303397925853472,1.0145081735214188,1.0035013519290774,1.0637219363910098,0.761490722596093,1.0629678508269005,1.0657043222638038,1.0629678508269005,1.0657043222638038,1.0642590015151723,1.0641308100881584,0.00809311995339268,0.3671651477261415,0.7359944973610739,1.099998699529083,0.6142142611802246,0.006618109349973089,0.7053054500000004,0.09566690499999986,0.9570880794667955,0.004608568446383465,0.008039549543649827,1.1427341772857904,0.8184914247853361,0.9316964106814223,0.0,0.007156677229863906,0.6389147905169454,0.006014558356891353,1.0245326238701264,0.7383891173096684,0.7384147686226812,0.74858746,0.8613765077271345,0.3688615680871248,1.11752968,1.0952974057358777,1.0941121647843,1.096895991663203,1.0932788897396675,1.0833631591221433,1.0948658957898774,0.7292486986685542,1.0920055644745497,1.0937586215280044,0.7375091200863753,0.000621016530577112,0.7331202638590426,1.073667968687538,0.0016612766717196692
OQMD/oqmd-1472687,0.6669249302703522,1.1089849349999996,0.8183174973556824,0.7989424563895469,0.776237478663095,0.7995109452165341,0.7665916653923222,1.0735587996171745,1.0612737103866765,0.027786702236932026,1.138173225,0.049625870847735065,1.0463667124243625,1.1013732687217819,0.013850574284644424,0.9576025420421117,1.1234034551125278,1.0486387285800727,1.0584575543745927,1.0418884762831881,1.025279257585347,1.0094476385214186,0.9984408169290773,1.0586614013910096,0.7564301875960928,1.0579073158269003,1.0606437872638037,1.0579073158269003,1.0606437872638037,1.0591984665151721,1.0590702750881582,0.0009364427235287742,0.3600084704962776,0.7321713326129333,1.0949381645290828,0.6070575839503607,0.0005385678798908167,0.7002449150000003,0.10072744,0.9499314022369316,0.0025481087834804406,0.0008828723137859207,1.1376736422857903,0.813430889785336,0.9245397334515584,0.007156677229863906,0.0,0.6338542555169453,0.0011421188729725529,1.0194720888701263,0.7333285823096682,0.733354233622681,0.7435269249999998,0.8563159727271343,0.3617048908572609,1.112469145,1.0902368707358776,1.0890516297842998,1.091835456663203,1.0882183547396673,1.0783026241221432,1.0898053607898772,0.7363022737889855,1.0869450294745495,1.0886980865280043,0.7312438194054804,0.006535660699286794,0.7339314339833307,1.068607433687538,0.005495400558144237
OQMD/oqmd-1472817,0.6494991196321354,0.707869627187157,0.6822038119225913,0.6995507975194304,0.6528572548467229,0.6559559031894278,0.4935012965542809,1.0852601482440245,1.0729750590135265,0.6142060899383996,1.14987457362685,0.6069655589936747,1.0580680610512125,1.113074617348632,0.6436480905169453,0.753418520394082,1.1351048037393778,1.0603400772069227,1.0701589030014427,1.0535898249100382,1.0369806062121967,1.02039823362685,1.0101421655559273,1.0703627500178596,0.7099931887131326,1.0696086644537504,1.0723451358906537,1.0696086644537504,1.0723451358906537,1.0708998151420221,1.0707716237150082,0.6331920905169452,0.6248134379793764,0.5201972965542812,1.1066395131559328,0.6187530837412254,0.6342350805169454,0.7119462636268499,0.5854095834675777,0.7031136909340256,0.6356560405169454,0.6332299705169455,0.720400811676071,0.2801806634457189,0.6654496636268501,0.6389147905169454,0.6338542555169453,0.0,0.6346618555169452,0.88696632537975,0.6301004266249377,0.6304925860278634,0.2575649110169156,0.26319502344571966,0.624018485147761,0.7240026999935982,1.1019382030390181,1.1007529653541588,1.1035367890177379,1.0999196871152677,1.0900039727489932,1.1015067094167268,0.5249672965542809,1.0986463781013995,1.1003994187872137,0.5191262965542816,0.6384756655169452,0.5222296865542813,1.080308782314388,0.6377400905169455
OQMD/oqmd-1473257,0.6677325302703521,1.1097925349999995,0.8191250973556823,0.7997500563895468,0.7770450786630949,0.800318545216534,0.7677337842652947,1.0743663996171744,1.0620813103866764,0.02892882110990458,1.138980825,0.04848375197476251,1.0471743124243624,1.1021808687217818,0.01270845541167187,0.9584101420421116,1.1242110551125277,1.0494463285800726,1.0592651543745926,1.042696076283188,1.026086857585347,1.0102552385214185,0.9992484169290772,1.0594690013910095,0.7572377875960927,1.0587149158269002,1.0614513872638036,1.0587149158269002,1.0614513872638036,1.060006066515172,1.0598778750881581,0.002078561596501327,0.36115058936925015,0.7310292137399608,1.0957457645290827,0.6081997028233332,0.0006035509930817362,0.7010525150000002,0.09991984000000009,0.9510735211099042,0.0014059899105078877,0.0020249911867584736,1.1384812422857902,0.8142384897853359,0.9256818523245309,0.006014558356891353,0.0011421188729725529,0.6346618555169452,0.0,1.0202796888701262,0.7341361823096682,0.734161833622681,0.7443345249999997,0.8571235727271342,0.3628470097302334,1.1132767449999998,1.0910444707358775,1.0898592297842997,1.0926430566632028,1.0890259547396672,1.079110224122143,1.0906129607898771,0.7351601549160129,1.0877526294745494,1.0895056865280042,0.7314945617294839,0.005393541826314241,0.7327893151103582,1.0694150336875379,0.004353281685171684
OQMD/oqmd-1474198,0.35254715859977415,0.8183014996934763,0.5411632955705543,0.4926320557351045,0.5823359068157417,0.5301150106583923,0.9053248111818673,0.8568119502163043,0.8508828646386464,0.9998239232915807,0.624205984729544,0.9925833923468557,0.8609296076195707,0.7883291579957628,1.0292659238701263,0.5517084627799109,0.826289413240143,0.849560770299226,0.8406807902992262,0.8524970902992262,0.865884970299226,0.8675959302992262,0.8850457002992265,0.8518084480680241,0.38980502307827525,0.8423332302992259,0.841516610299226,0.837649810299226,0.8475408867648373,0.7883667322265069,0.7886257837717299,1.0188099238701263,1.0104312713325574,0.9284442253612966,0.843720772567516,1.0043709170944064,1.0198529138701264,0.8125614796027318,0.9710274168207587,0.8216207169717067,1.0212738738701264,1.0188478038701265,0.8094445617897614,0.8393362617528997,0.8483015446919129,1.0245326238701264,1.0194720888701263,0.88696632537975,1.0202796888701262,0.0,0.7756666548247151,0.7755766181624892,0.9178540918174867,0.7728320867529002,1.009636318500942,0.8068445452534347,0.8416389222692569,0.8395911978989012,0.8426713368791972,0.8449697456043823,0.8419485603944694,0.8397378669678228,0.9325751665373487,0.8486155481497057,0.8379602254962075,0.9275167121538437,1.0240934988701262,0.930204326731694,0.8364452240846261,1.0233579238701265
OQMD/oqmd-1479504,0.7325521037905562,0.3756563526903314,0.35807179988025073,0.31488992198079613,0.3857389688507511,0.3585541859778836,0.6767384789652144,0.4551597216190868,0.4428746323885888,0.7136804167311226,1.2329285045254892,0.7064398857863976,0.42796763442627483,0.4829741907236942,0.7431224173096682,0.732982098629781,0.5050043771144401,0.430239650581985,0.44005847637650497,0.42348939828510046,0.40688017958725897,0.3902978070019123,0.3800417389309896,0.44026232339292193,0.5555093190683804,0.43950823782881265,0.442244709265716,0.43950823782881265,0.442244709265716,0.44079938851708445,0.4406711970900705,0.7326664173096682,0.7242877647720993,0.7034344789652147,0.4765390865309951,0.7182274105339483,0.7337094073096684,0.46152733430094717,0.6848839102603006,0.7243841703488796,0.7351303673096683,0.7327042973096685,0.404345059976122,0.5824703629980874,0.5133818772636611,0.7383891173096684,0.7333285823096682,0.6301004266249377,0.7341361823096682,0.7756666548247151,0.0,0.0004378959257009818,0.6609881930626744,0.5159661879980879,0.723492811940484,0.3791405626903317,0.4718377764140804,0.4706525387292211,0.4734363623928002,0.46981926049032996,0.4599035461240555,0.4714062827917891,0.7082044789652144,0.46854595147646183,0.470298992162276,0.7023634789652151,0.7379499923096682,0.7054668689652148,0.4502083556894503,0.7372144173096684
OQMD/oqmd-1479511,0.7324620671283304,0.3756307013773186,0.3585096958059517,0.3153278179064971,0.3861768647764521,0.35899208190358456,0.6768195501628749,0.4547675622161611,0.4424824729856631,0.7137060680441354,1.2328384678632633,0.7064655370994104,0.42757547502334914,0.4825820313207685,0.743148068622681,0.7328920619675552,0.5046122177115144,0.4298474911790593,0.4396663169735793,0.42309723888217476,0.4064880201843333,0.3899056475989866,0.3796495795280639,0.43987016398999623,0.5554192824061546,0.43911607842588696,0.4418525498627903,0.43911607842588696,0.4418525498627903,0.44040722911415875,0.4402790376871448,0.732692068622681,0.7243134160851121,0.7035155501628751,0.4761469271280694,0.7182530618469611,0.7337350586226812,0.4615501260949211,0.6849095615733134,0.7244069621428535,0.7351560186226811,0.7327299486226813,0.4043194086631092,0.5828625224010131,0.5134528973399966,0.7384147686226812,0.733354233622681,0.6304925860278634,0.734161833622681,0.7755766181624892,0.0004378959257009818,0.0,0.6613803524656001,0.5163583474010136,0.7235184632534968,0.3791149113773189,0.4714456170111547,0.4702603793262954,0.4730442029898745,0.46942710108740426,0.4595113867211298,0.4710141233888634,0.7082855501628749,0.46815379207353613,0.4699068327593503,0.7024445501628755,0.737975643622681,0.7055479401628753,0.4498161962865246,0.7372400686226812
OQMD/oqmd-2029561,0.6803868860698721,0.7387573936248937,0.713091578360328,0.7304385639571671,0.6837450212844596,0.6868436696271645,0.562105080670436,1.1161479146817612,1.1038628254512632,0.7238787594214542,1.1807623400645868,0.7166382284767292,1.0889558274889493,1.1439623837863686,0.7533207599999998,0.7843062868318187,1.1659925701771146,1.0912278436446594,1.1010466694391794,1.0844775913477749,1.0678683726499334,1.0512860000645867,1.041029931993664,1.1012505164555964,0.7408809551508693,1.100496430891487,1.1032329023283904,1.100496430891487,1.1032329023283904,1.1017875815797589,1.101659390152745,0.7428647599999998,0.7344861074624309,0.5856136931169811,1.1375272795936695,0.7284257532242799,0.74390775,0.7428340300645866,0.6950822529506322,0.7394253068830183,0.7453287099999999,0.7429026400000001,0.7512885781138077,0.2875489278016321,0.7140336380976451,0.74858746,0.7435269249999998,0.2575649110169156,0.7443345249999997,0.9178540918174867,0.6609881930626744,0.6613803524656001,0.0,0.2446638458287076,0.7336911546308156,0.754890466431335,1.1328259694767548,1.1316407317918955,1.1344245554554746,1.1308074535530044,1.12089173918673,1.1323944758544635,0.5903836931169812,1.1295341445391363,1.1312871852249504,0.5845426931169815,0.7481483349999998,0.5876460831169812,1.1111965487521247,0.74741276
OQMD/oqmd-2029562,0.5353648810052856,0.5937353885603072,0.5680695732957415,0.5854165588925806,0.5387230162198731,0.541821664562578,0.7566963199999996,0.9711259096171747,0.9588408203866767,0.8366678071485887,1.0357403350000003,0.8294272762038637,0.9439338224243627,0.9989403787217821,0.8661098077271343,0.6392842817672322,1.020970565112528,0.9462058385800729,0.9560246643745929,0.9394555862831884,0.9228463675853469,0.9062639950000002,0.8960079269290775,0.9562285113910098,0.5958589500862828,0.9554744258269006,0.9582108972638039,0.9554744258269006,0.9582108972638039,0.9567655765151724,0.9566373850881584,0.8556538077271343,0.8472751551895654,0.7833923199999999,0.992505274529083,0.8412148009514144,0.8566967977271345,0.5978120250000001,0.8078713006777667,0.7819063590518214,0.8581177577271344,0.8556916877271346,0.6062665730492212,0.06650417500000039,0.5513154250000003,0.8613765077271345,0.8563159727271343,0.26319502344571966,0.8571235727271342,0.7728320867529002,0.5159661879980879,0.5163583474010136,0.2446638458287076,0.0,0.8464802023579501,0.6098684613667484,0.9878039644121683,0.986618726727309,0.9894025503908881,0.9857854484884179,0.9758697341221434,0.987372470789877,0.7881623199999996,0.9845121394745497,0.9862651801603639,0.7823213200000003,0.8609373827271343,0.78542471,0.9661745436875382,0.8602018077271345
OQMD/oqmd-2029563,0.6570891599011679,1.0991491646308154,0.8084817269864981,0.7891066860203626,0.7664017082939107,0.7896751748473498,0.4588344406704361,1.0637230292479902,1.0514379400174922,0.33391818862032885,1.1283374546308163,0.3305127591867043,1.0365309420551783,1.0915374983525976,0.3755554651419053,0.9477667716729274,1.1135676847433436,1.0388029582108884,1.0486217840054084,1.0320527059140039,1.0154434872161628,0.9996118681522344,0.988605046559893,1.0488256310218254,0.7465944172269086,1.048071545457716,1.0508080168946194,1.048071545457716,1.0508080168946194,1.0493626961459879,1.049234504718974,0.3607684481337321,0.004619610000000662,0.4819538548498654,1.0851023941598985,0.24535269309309982,0.3622434587371517,0.690409144630816,0.2931937786203287,0.7883392863400944,0.3642529996407413,0.36082201854347495,1.127837871916606,0.8035951194161517,0.6439125446308158,0.3688615680871248,0.3617048908572609,0.624018485147761,0.3628470097302334,1.009636318500942,0.723492811940484,0.7235184632534968,0.7336911546308156,0.8464802023579501,0.0,1.1026333746308157,1.0804011003666933,1.0792158594151156,1.0819996862940187,1.078382584370483,1.068466853752959,1.079969590420693,0.4860847960259176,1.0771092591053653,1.07886231615882,0.48102634164241254,0.36824055155654767,0.4837139562202628,1.0587716633183537,0.3672002914154051
OQMD/oqmd-2029564,0.7637299942192759,0.0239551161829068,0.33175412619876665,0.31421248951833025,0.3427913102258988,0.31473565017012284,0.9825592119192259,0.36125744825042627,0.3489723590199283,1.0928209794214543,1.2641063949542088,1.0855804484767293,0.3340653610576143,0.38907191735503366,1.12226298,0.7641599890585007,0.4111021037457796,0.33633737721332446,0.34615620300784444,0.32958712491643993,0.31297790621859845,0.2963955336332518,0.28613946556232905,0.3463600500242614,0.5866872094971001,0.3456059644601521,0.3483424358970555,0.3456059644601521,0.3483424358970555,0.3468971151484239,0.34676892372141,1.11180698,1.103428327462431,1.0056786260986552,0.38263681316233455,1.09736797322428,1.11284997,0.41222422999999964,1.0640244729506323,0.6764241087512093,1.11427093,1.1118448600000002,0.02630741396299907,0.6763726363667479,0.651032439965836,1.11752968,1.112469145,0.7240026999935982,1.1132767449999998,0.8068445452534347,0.3791405626903317,0.3791149113773189,0.754890466431335,0.6098684613667484,1.1026333746308157,0.0,0.3779355030454199,0.37675026536056055,0.37953408902413965,0.37591698712166943,0.36600127275539496,0.37750400942312856,1.0098095672747074,0.3746436781078013,0.37639671879361547,1.0047511128912023,1.1170905549999999,1.0074387274690526,0.35630608232078975,1.11635498
OQMD/oqmd-2029839,0.798524371235098,0.39406857585186117,0.41973439111642685,0.40238740551958774,0.44908094819229527,0.44598229984959037,0.9118146309839443,0.02900897141860659,0.03196266074810472,1.070588705157332,1.298900771970031,1.0633488380640652,0.04686976288914524,0.09863752999999997,1.1000307057358776,0.7989543660743228,0.033166600700359705,0.045906910000000245,0.036986890000000106,0.05337058999999966,0.06828270999999964,0.09279589136618593,0.09532198000000003,0.0345750739224977,0.6214815865129222,0.03693444999999995,0.03425107000000027,0.04161787000000006,0.032576220727477345,0.1898144793690657,0.18977997936906577,1.0895747057358776,1.0811960531983087,0.9349340451633736,0.007630470470917583,1.0751356989601577,1.0906176957358777,0.3899919557358773,1.04179219868651,0.7378365299999992,1.0920386557358777,1.0896125857358778,0.3815373913629472,1.0543081394121678,0.7124448612146259,1.0952974057358777,1.0902368707358776,1.1019382030390181,1.0910444707358775,0.8416389222692569,0.4718377764140804,0.4714456170111547,1.1328259694767548,0.9878039644121683,1.0804011003666933,0.3779355030454199,0.0,0.0025979797663946425,0.004323049999999995,0.008237459999999697,0.011934246613734434,0.002790057914501487,0.9390649863394258,0.015623605525449946,0.003678696773049328,0.9340065319559208,1.0948582807358775,0.936694146533771,0.025242456214600306,1.0941227057358778
OQMD/oqmd-2029840,0.7964766468647424,0.3928833381670018,0.4185491534315675,0.4012021678347284,0.44789571050743593,0.444797062164731,0.9110922704403981,0.0275551414186066,0.03124030020455848,1.0694034642057542,1.2968530475996753,1.0621636003792059,0.046147402345599,0.10009135999999952,1.0988454647842998,0.7969066417039672,0.03435183838521905,0.044453080000000256,0.035533060000000116,0.05191675999999967,0.06723485718461442,0.09134206136618594,0.09407329784088425,0.03385271337895146,0.6194338621425666,0.03548061999999996,0.03279724000000028,0.04016404000000007,0.03185386343109986,0.19008777634421992,0.19005327634421998,1.0883894647842998,1.080010812246731,0.9342116846198274,0.006176640470917594,1.07395045800858,1.0894324547843,0.3888067147842995,1.0406069577349322,0.7392903599999991,1.0908534147842999,1.0884273447843,0.38035215367808783,1.0531229017273085,0.7138986912146259,1.0941121647843,1.0890516297842998,1.1007529653541588,1.0898592297842997,0.8395911978989012,0.4706525387292211,0.4702603793262954,1.1316407317918955,0.986618726727309,1.0792158594151156,0.37675026536056055,0.0025979797663946425,0.0,0.00308013898029591,0.0067836300000001515,0.011200818008178182,0.0010984700000005176,0.9383426257958796,0.014169775525449957,0.0050541499999998685,0.9332841714123745,1.0936730397842997,0.9359717859902248,0.02390668412812147,1.0929374647843
OQMD/oqmd-2029841,0.7995567858450383,0.3956671618305809,0.4213329770951466,0.4039859914983075,0.45067953417101503,0.4475808858283101,0.9127821974030419,0.024685921418606593,0.032930227167202286,1.0721872910846573,1.2999331865799713,1.064947424042785,0.047837329308242804,0.10296057999999997,1.101629291663203,0.7999867806842631,0.03156801472163995,0.045401055994288786,0.035746487358012224,0.05231556544941718,0.06892478414725822,0.08847284136618594,0.09576322480352806,0.035542640341595266,0.6225140011228625,0.03628028400376948,0.033543787098394784,0.03729482000000006,0.033543787098394784,0.18925775253758959,0.18922325253758965,1.0911732916632029,1.082794639125634,0.9359016115824712,0.003307420470917588,1.076734284887483,1.092216281663203,0.3915905416632026,1.0433907846138353,0.7421595799999992,1.093637241663203,1.0912111716632031,0.38313597734166693,1.0559067253908876,0.7167679112146259,1.096895991663203,1.091835456663203,1.1035367890177379,1.0926430566632028,0.8426713368791972,0.4734363623928002,0.4730442029898745,1.1344245554554746,0.9894025503908881,1.0819996862940187,0.37953408902413965,0.004323049999999995,0.00308013898029591,0.0,0.003914409999999702,0.013532832541059747,0.0029334699113743312,0.9400325527585234,0.011300555525449951,0.007923369999999874,0.9349740983750183,1.0964568666632029,0.9376617129528686,0.025596607795416837,1.095721291663203
OQMD/oqmd-2029842,0.8018551945702235,0.3920500599281107,0.4177158751926764,0.4003688895958373,0.4470624322685448,0.4439637839258399,0.9096215966171628,0.02077151141860689,0.02976962638132319,1.0685701891611217,1.3022315953051564,1.0613303221403148,0.04467672852236371,0.10687498999999967,1.0980121897396673,0.8022851894094483,0.03518511662411017,0.04224045518506303,0.03258588657213313,0.04915496466353808,0.06576418336137912,0.08455843136618624,0.09260262401764896,0.03238203955571617,0.6248124098480476,0.033119683194543725,0.03038318628916903,0.03338041000000036,0.03038318628916903,0.18808376571609386,0.18804926571609393,1.0875561897396673,1.0791775372020984,0.9327410107965921,0.006719826040665122,1.0731171829639474,1.0885991797396675,0.387973439739667,1.0397736826902997,0.7460739899999989,1.0900201397396674,1.0875940697396675,0.3795188754391967,1.0522896234884174,0.7206823212146256,1.0932788897396675,1.0882183547396673,1.0999196871152677,1.0890259547396672,0.8449697456043823,0.46981926049032996,0.46942710108740426,1.1308074535530044,0.9857854484884179,1.078382584370483,0.37591698712166943,0.008237459999999697,0.0067836300000001515,0.003914409999999702,0.0,0.010633299999999846,0.005685159999999634,0.9368719519726443,0.0073861455254502495,0.011837779999999576,0.9318134975891392,1.0928397647396673,0.9345011121669895,0.02243600698619108,1.0921041897396675
OQMD/oqmd-2029843,0.7988340093603106,0.38213434556183623,0.4078001608264019,0.3904531752295628,0.43714671790227033,0.43404806955956543,0.8998914719879996,0.03140481141860674,0.02003950175215996,1.0586544585435975,1.2992104100952435,1.0514146077740403,0.03494660389320048,0.09624168999999982,1.0880964591221431,0.7992640041995354,0.045100830990384644,0.048302750000000394,0.039382730000000254,0.05576642999999981,0.07067854999999978,0.09519173136618608,0.09771782000000018,0.02265191492655294,0.6217912246381347,0.0393302900000001,0.03664691000000042,0.044013710000000206,0.02065304542292168,0.18806853973811477,0.18803403973811483,1.0776404591221431,1.0692618065845743,0.9230108861674289,0.016635540406939597,1.0632014523464233,1.0786834491221433,0.3780577091221433,1.0298579520727755,0.735440689999999,1.0801044091221432,1.0776783391221434,0.36960316107292224,1.042373909122143,0.7100490212146258,1.0833631591221433,1.0783026241221432,1.0900039727489932,1.079110224122143,0.8419485603944694,0.4599035461240555,0.4595113867211298,1.12089173918673,0.9758697341221434,1.068466853752959,0.36600127275539496,0.011934246613734434,0.011200818008178182,0.013532832541059747,0.010633299999999846,0.0,0.011502736667734048,0.927141827343481,0.018019445525450095,0.010395462405861089,0.922083372959976,1.082924034122143,0.9247709875378263,0.027638296214600455,1.0821884591221433
OQMD/oqmd-2029844,0.796623315933664,0.39363708222956983,0.4193028974941355,0.4019559118972964,0.44864945457000394,0.44555080622729903,0.9113919401649029,0.02645667141860608,0.03153996992906327,1.0701571952113316,1.296999716668597,1.0629173444417739,0.04644707207010379,0.10118983000000004,1.0995991957898772,0.7970533107728888,0.03359809432265104,0.04401078249571899,0.0344345899999996,0.050925308211278164,0.06753452690911921,0.09024359136618543,0.09437296756538904,0.03415238310345625,0.6195805312114882,0.03489001050520013,0.03215351359982499,0.03906556999999955,0.03215351359982499,0.18989573011546712,0.18986123011546718,1.0891431957898772,1.0807645432523083,0.9345113543443322,0.005132803739205993,1.0747041890141573,1.0901861857898774,0.3895604457898769,1.0413606887405096,0.7403888299999992,1.0916071457898773,1.0891810757898774,0.38110589774065584,1.0538766457898765,0.714997161214626,1.0948658957898774,1.0898053607898772,1.1015067094167268,1.0906129607898771,0.8397378669678228,0.4714062827917891,0.4710141233888634,1.1323944758544635,0.987372470789877,1.079969590420693,0.37750400942312856,0.002790057914501487,0.0010984700000005176,0.0029334699113743312,0.005685159999999634,0.011502736667734048,0.0,0.9386422955203844,0.013071305525449883,0.006152620000000386,0.9335838411368793,1.0944267707898772,0.9362714557147296,0.024206334296847487,1.0936911957898774
OQMD/oqmd-20684,0.7070034420312026,0.985854451091801,0.9131045006921035,0.8474549521786963,0.9213893201028247,0.8959256680334962,0.04449964395363182,0.9193875860259175,0.9071023255913211,0.7640889760259166,1.2560028268697083,0.7515121860259173,0.8921952234502806,0.9472017797476995,0.7359425957233348,0.9866756461255539,0.9692319661384454,0.8946315130246654,0.9042860654005112,0.8877169873091062,0.8711077686112652,0.8552761495473367,0.8442693279549953,0.9044899124169281,0.8943563847035874,0.9037522850151842,0.9064887819205594,0.9037522850151842,0.9064887819205594,0.9050434300940862,0.9049152342614315,0.7372387165125143,0.4834719410259174,0.006745798692519678,0.9407666755550004,0.39025067602591745,0.7357637059090947,0.8647693702921626,0.701184526697749,1.127626206340095,0.733754165005505,0.7371851461027714,0.9835021533117083,0.8051479599999993,1.1296585459685669,0.7292486986685542,0.7363022737889855,0.5249672965542809,0.7351601549160129,0.9325751665373487,0.7082044789652144,0.7082855501628749,0.5903836931169812,0.7881623199999996,0.4860847960259176,1.0098095672747074,0.9390649863394258,0.9383426257958796,0.9400325527585234,0.9368719519726443,0.927141827343481,0.9386422955203844,0.0,0.9327735405004676,0.93733602901826,0.008260421417821018,0.7297666130896987,0.0038715651904883686,0.9144359612235369,0.7308068732308413
OQMD/oqmd-20685,0.8055009971155469,0.3907767509142426,0.41644256617880826,0.39909558058196914,0.4457891232546767,0.4426904749119718,0.9055231851449861,0.013386229857375032,0.025671319087873012,1.0672968638960039,1.3058773978504798,1.0600570131264466,0.040578317050186996,0.11426113552544948,1.0967388644745495,0.8059309919547717,0.0364584256379783,0.03830630089447684,0.02848747509995686,0.04505655319136137,0.06166577188920286,0.07824814447454953,0.08850421254547225,0.028283628083539902,0.6284582123933711,0.029037713647649177,0.026301242210745812,0.029037713647649177,0.026301242210745812,0.18570916214952038,0.18567466214952044,1.0862828644745495,1.0779042119369806,0.9286425993244154,0.007993135054533251,1.0718438576988296,1.0873258544745497,0.38670011447454966,1.0385003574251819,0.7534601355254491,1.0887468144745496,1.0863207444745497,0.3782455664253286,1.0510163144745492,0.7280684667400759,1.0920055644745497,1.0869450294745495,1.0986463781013995,1.0877526294745494,0.8486155481497057,0.46854595147646183,0.46815379207353613,1.1295341445391363,0.9845121394745497,1.0771092591053653,0.3746436781078013,0.015623605525449946,0.014169775525449957,0.011300555525449951,0.0073861455254502495,0.018019445525450095,0.013071305525449883,0.9327735405004676,0.0,0.019223925525449825,0.9277150861169625,1.0915664394745495,0.9304027006948128,0.023201865525449783,1.0908308644745497
OQMD/oqmd-2170474,0.7948456744620487,0.39252979160005674,0.4181956068646224,0.4008486212677833,0.44754216394049084,0.44444351559778594,0.9100856736627785,0.03260929141860647,0.030233703426938874,1.0690499209494586,1.2952220751969816,1.0618100538122608,0.04514080556797939,0.0950372100000001,1.0984919215280042,0.7952756693012735,0.03470538495216413,0.049507230000000124,0.040587209999999985,0.05697090999999954,0.07188302999999951,0.09639621136618581,0.09892229999999991,0.032846116601331854,0.6178028897398729,0.04053476999999983,0.03785139000000015,0.045218189999999936,0.030847263451160067,0.19136374214678487,0.19132924214678493,1.0880359215280042,1.0796572689904353,0.9332050878422078,0.011230790470917018,1.0735969147522844,1.0890789115280044,0.38845317152800396,1.0402534144786366,0.7342362099999997,1.0904998715280043,1.0880738015280045,0.37999860711114275,1.0527693551603634,0.7088445412146265,1.0937586215280044,1.0886980865280043,1.1003994187872137,1.0895056865280042,0.8379602254962075,0.470298992162276,0.4699068327593503,1.1312871852249504,0.9862651801603639,1.07886231615882,0.37639671879361547,0.003678696773049328,0.0050541499999998685,0.007923369999999874,0.011837779999999576,0.010395462405861089,0.006152620000000386,0.93733602901826,0.019223925525449825,0.0,0.9322775746347549,1.0933194965280042,0.9349651892126052,0.028842776214600185,1.0925839215280044
OQMD/oqmd-307732,0.7019449876476975,0.980795996708296,0.9072635006921042,0.841613952178697,0.9155483201028254,0.8900846680334968,0.0362392225358108,0.9143291316424125,0.902043871207816,0.7590305216424116,1.250161826869709,0.7464537316424122,0.8871367690667755,0.9421433253641944,0.7442030171411558,0.9816171917420489,0.9641735117549404,0.8895730586411603,0.8992276110170061,0.8826585329256011,0.8660493142277601,0.8502176951638316,0.8392108735714903,0.8994314580334231,0.888515384703588,0.8986938306316792,0.9014303275370543,0.8986938306316792,0.9014303275370543,0.8999849757105811,0.8998567798779264,0.7321802621290092,0.47841348664241234,0.00151462272530134,0.9357082211714953,0.3851922216424124,0.7308910107364022,0.8589283702921628,0.696126072314244,1.1217852063400953,0.7329005516399918,0.7321266917192664,0.9784436989282033,0.79930696,1.1246000915850618,0.7375091200863753,0.7312438194054804,0.5191262965542816,0.7314945617294839,0.9275167121538437,0.7023634789652151,0.7024445501628755,0.5845426931169815,0.7823213200000003,0.48102634164241254,1.0047511128912023,0.9340065319559208,0.9332841714123745,0.9349740983750183,0.9318134975891392,0.922083372959976,0.9335838411368793,0.008260421417821018,0.9277150861169625,0.9322775746347549,0.0,0.7368881035557981,0.004388856227332649,0.9093775068400318,0.7358478434146556
OQMD/oqmd-328816,0.6715463402703521,1.1136063449999996,0.8229389073556823,0.8035638663895468,0.7808588886630949,0.804132355216534,0.773127326091609,1.0781802096171744,1.0658951203866764,0.03432236293621882,1.142794635,0.04309021014844827,1.0509881224243625,1.1059946787217818,0.00731491358535763,0.9622239520421116,1.1280248651125278,1.0532601385800726,1.0630789643745926,1.046509886283188,1.029900667585347,1.0140690485214185,1.0030622269290772,1.0632828113910096,0.7610515975960928,1.0625287258269003,1.0652651972638036,1.0625287258269003,1.0652651972638036,1.063819876515172,1.0636916850881581,0.007472103422815568,0.3665441311955644,0.7353734808304968,1.0995595745290827,0.6135932446496475,0.005997092819395977,0.7048663250000002,0.09610603000000006,0.9564670629362184,0.003987551915806353,0.0074185330130727145,1.1422950522857902,0.8180522997853359,0.9310753941508452,0.000621016530577112,0.006535660699286794,0.6384756655169452,0.005393541826314241,1.0240934988701262,0.7379499923096682,0.737975643622681,0.7481483349999998,0.8609373827271343,0.36824055155654767,1.1170905549999999,1.0948582807358775,1.0936730397842997,1.0964568666632029,1.0928397647396673,1.082924034122143,1.0944267707898772,0.7297666130896987,1.0915664394745495,1.0933194965280042,0.7368881035557981,0.0,0.7324992473284655,1.073228843687538,0.0010402601411425572
OQMD/oqmd-339274,0.7046326022255478,0.9834836112861463,0.9103668906921039,0.8447173421786967,0.9186517101028251,0.8931880580334965,0.04062807876314345,0.9170167462202627,0.9047314857856663,0.7617181362202619,1.2532652168697087,0.7491413462202625,0.8898243836446258,0.9448309399420447,0.7398141609138231,0.9843048063198991,0.9668611263327906,0.8922606732190106,0.9019152255948564,0.8853461475034514,0.8687369288056104,0.8529053097416819,0.8418984881493405,0.9021190726112733,0.8916187747035877,0.9013814452095295,0.9041179421149046,0.9013814452095295,0.9041179421149046,0.9026725902884314,0.9025443944557767,0.7348678767068595,0.4811011012202626,0.0028742335020313092,0.9383958357493456,0.3878798362202627,0.7333928661034399,0.8620317602921626,0.6988136868920942,1.124888596340095,0.7313833251998503,0.7348143062971166,0.9811313135060535,0.8024103499999997,1.127287706162912,0.7331202638590426,0.7339314339833307,0.5222296865542813,0.7327893151103582,0.930204326731694,0.7054668689652148,0.7055479401628753,0.5876460831169812,0.78542471,0.4837139562202628,1.0074387274690526,0.936694146533771,0.9359717859902248,0.9376617129528686,0.9345011121669895,0.9247709875378263,0.9362714557147296,0.0038715651904883686,0.9304027006948128,0.9349651892126052,0.004388856227332649,0.7324992473284655,0.0,0.9120651214178821,0.7314589871873229
OQMD/oqmd-4908,0.7933306730504672,0.372439155127231,0.3981049703917967,0.3807579847949576,0.4274515274676651,0.4243528791249602,0.8871856058680554,0.036587231418606425,0.02258985999999963,1.0489592681089923,1.2937070737854002,1.041719417339435,0.03994072999999965,0.09105927000000014,1.078401268687538,0.793760667889692,0.05479602142498985,0.02066445378539994,0.0117444337853998,0.028128133785399356,0.04332819261227172,0.06755343515158563,0.07016663326854156,0.015363223983398067,0.6162878883282914,0.011691993785399646,0.009008613785399966,0.01637541378539975,0.013184625533562588,0.1841220655335627,0.18408756553356276,1.067945268687538,1.059566616149969,0.9103050200474847,0.026330730841544803,1.053506261911818,1.068988258687538,0.3683625186875381,1.0201627616381703,0.7302582699999998,1.070409218687538,1.0679831486875382,0.35990797063831703,1.0326787186875377,0.7048666012146265,1.073667968687538,1.068607433687538,1.080308782314388,1.0694150336875379,0.8364452240846261,0.4502083556894503,0.4498161962865246,1.1111965487521247,0.9661745436875382,1.0587716633183537,0.35630608232078975,0.025242456214600306,0.02390668412812147,0.025596607795416837,0.02243600698619108,0.027638296214600455,0.024206334296847487,0.9144359612235369,0.023201865525449783,0.028842776214600185,0.9093775068400318,1.073228843687538,0.9120651214178821,0.0,1.0724932686875381
OQMD/oqmd-6958,0.6708107652703523,1.1128707699999998,0.8222033323556825,0.802828291389547,0.7801233136630952,0.8033967802165343,0.7720870659504664,1.0774446346171747,1.0651595453866767,0.03328210279507626,1.1420590600000002,0.04413047028959083,1.0502525474243627,1.105259103721782,0.008355173726500187,0.9614883770421119,1.127289290112528,1.0525245635800728,1.0623433893745928,1.0457743112831883,1.0291650925853473,1.0133334735214188,1.0023266519290774,1.0625472363910098,0.760316022596093,1.0617931508269005,1.0645296222638039,1.0617931508269005,1.0645296222638039,1.0630843015151723,1.0629561100881584,0.006431843281673011,0.36550387105442184,0.7343332206893542,1.098823999529083,0.6125529845085049,0.00495683267825342,0.7041307500000005,0.09684160499999983,0.9554268027950759,0.002947291774663796,0.006378272871930157,1.1415594772857904,0.8173167247853361,0.9300351340097026,0.0016612766717196692,0.005495400558144237,0.6377400905169455,0.004353281685171684,1.0233579238701265,0.7372144173096684,0.7372400686226812,0.74741276,0.8602018077271345,0.3672002914154051,1.11635498,1.0941227057358778,1.0929374647843,1.095721291663203,1.0921041897396675,1.0821884591221433,1.0936911957898774,0.7308068732308413,1.0908308644745497,1.0925839215280044,0.7358478434146556,0.0010402601411425572,0.7314589871873229,1.0724932686875381,0.0
