,MP/mp-1017539,MP/mp-1093993,MP/mp-1245015,MP/mp-1245109,MP/mp-1245209,MP/mp-1245255,MP/mp-13161,MP/mp-1986,MP/mp-2133,MP/mp-2229,MP/mp-2346983,MP/mp-997630,COD/cod-1011258,COD/cod-1011259,COD/cod-1534836,COD/cod-1536063,COD/cod-1537875,COD/cod-2107059,COD/cod-2300112,COD/cod-2300113,COD/cod-2300114,COD/cod-2300115,COD/cod-2300116,COD/cod-2300450,COD/cod-3000626,COD/cod-4517837,COD/cod-9004178,COD/cod-9004179,COD/cod-9004180,COD/cod-9004181,COD/cod-9008877,COD/cod-9011662,OQMD/oqmd-1106917,OQMD/oqmd-116025,OQMD/oqmd-117131,OQMD/oqmd-1223683,OQMD/oqmd-1230655,OQMD/oqmd-1343236,OQMD/oqmd-1343668,OQMD/oqmd-1343724,OQMD/oqmd-1343728,OQMD/oqmd-1439997,OQMD/oqmd-1442030,OQMD/oqmd-1442249,OQMD/oqmd-1443821,OQMD/oqmd-1443987,OQMD/oqmd-1444341,OQMD/oqmd-1472687,OQMD/oqmd-1472817,OQMD/oqmd-1473257,OQMD/oqmd-1474198,OQMD/oqmd-1479504,OQMD/oqmd-1479511,OQMD/oqmd-2029561,OQMD/oqmd-2029562,OQMD/oqmd-2029563,OQMD/oqmd-2029564,OQMD/oqmd-2029839,OQMD/oqmd-2029840,OQMD/oqmd-2029841,OQMD/oqmd-2029842,OQMD/oqmd-2029843,OQMD/oqmd-2029844,OQMD/oqmd-20684,OQMD/oqmd-20685,OQMD/oqmd-2170474,OQMD/oqmd-307732,OQMD/oqmd-328816,OQMD/oqmd-339274,OQMD/oqmd-4908,OQMD/oqmd-6958
MP/mp-1017539,0.0,1.01700904867326,0.8859473171465846,0.7904839917341496,0.9227438165287699,0.8577137529921234,2.0068565087859875,1.2092401952220135,1.188421773344645,1.395950650880882,1.6721320787141896,1.338913799875295,1.185089670118622,1.1910900327143994,1.4665121231539668,0.9304011494875944,1.2413689623265687,1.1730987825526669,1.1751952008675977,1.1704610659038248,1.1695130169913466,1.1633662363817519,1.1718831590686867,1.1834505341107222,,0.8064713161745957,1.1757664247561375,1.1773072248921168,1.1724946473717057,1.1819978765688748,1.159084309474262,1.1591722011509642,1.4401953248709807,1.3098618656221626,2.0647956880681155,1.2200110964877084,1.5165546906103653,1.442760332968037,0.9751063096071086,1.3715051835626155,1.4952349916641827,1.4462766057959018,1.4402882452532173,1.026698867295773,1.156229399603845,1.3063171265227498,1.45443435081259,1.4418222064700092,1.0947227626295213,1.443813793258646,0.5948605685405124,0.8600136391280706,0.8600147253201947,1.2140834205659772,1.057109162305481,1.310541285862663,1.0244138487454082,1.132584300542505,1.1722826740104435,1.157116194929568,1.1677819262698443,1.139009115680622,1.165078543453413,2.0754840984558736,1.2154456105617806,1.1755843883082882,2.062409455066354,1.4533275195890774,2.0693377089419873,1.1813152302348469,1.4514787275878558
MP/mp-1093993,1.01700904867326,0.0,0.8579251385417338,0.8240348235756672,0.8889126696246209,0.8641957135443232,2.4646494399525483,0.6598116763845546,0.651784710287485,1.5739960680381002,1.9354205018828134,1.5422285467428265,0.6599831469440539,0.6681661528707263,1.6494004457377458,1.0310148061566586,0.6657490960276489,0.653493350777004,0.6498576030903737,0.6575670475848168,0.6698851375017886,0.686571067056724,0.6991324863984216,0.6486938885050173,,1.0446468911449487,0.6500212587318253,0.6489680703965095,0.6503641086554033,0.6468009056801737,0.6689348998198346,0.6690129730210178,1.6215541866652752,1.6567357209032139,2.5150281959324303,0.6565977938505841,1.900540792189311,1.6242807654397073,0.7842837309887043,1.597153844512295,1.4485178293643142,1.6280138898485899,1.6216530108412455,0.051618813557150166,1.2033365486840908,1.0464875786620398,1.6366548873289573,1.6232838814756276,1.2786488436780596,1.625399750590413,0.9037260388138133,0.7958130543092345,0.79581128959194,1.2263237059238117,1.102655123064611,1.6577268865606964,0.073418698680764,0.48727930377708684,0.5785152684480741,0.5372088291353099,0.5639609347443836,0.5296726017937202,0.5622889162377861,2.5243401480679752,0.6567840790021123,0.5887229655491054,2.5129500812949406,1.6354840672920696,2.5189845572870553,0.6474397225858501,1.6335273028194186
MP/mp-1245015,0.8859473171465846,0.8579251385417338,0.0,0.1589128265390909,0.08382766146846116,0.06230985353289348,2.5103999872187313,1.3342679730083382,1.3113427758235134,1.7990577970874893,1.5754075435870807,1.5052113265468874,1.3234846510165283,1.2356285236360283,1.8804693024033239,0.6073504060834336,1.316368771976912,1.3038725541187326,1.2989403392475614,1.3091283719035705,1.3218162550541865,1.3345515204851337,1.346401548605936,1.2996010061694532,,0.5100301369717094,1.2990572582368916,1.2966390184415006,1.2985664033600197,1.2951108850601125,1.29074773698934,1.2911967685170758,1.850679993888457,1.6214134303838683,2.5689561489793964,1.3237508219976613,1.9703582708408183,1.853609426700524,0.6480945713025896,1.8241743744464927,1.0591032245667071,1.857615642137358,1.8507862212479598,0.8600883061767638,1.3536426129750239,1.2282595493460244,1.866868832127113,1.8525387118038161,1.2602300415039411,1.854810828494766,0.7769416718132289,0.8136006670705399,0.8136400630484781,1.4811169108819395,1.2854875547237463,1.6227409283756344,0.8348100365559985,0.8968651424730433,0.8695641938719052,0.8866326860562738,0.8831264724832197,0.8631644041696511,0.8748219653579203,2.579686201543677,1.3271893831255503,0.8598341672969563,2.5665578434361356,1.8656166522137156,2.573518319863201,1.293378055212325,1.8635228140378013
MP/mp-1245109,0.7904839917341496,0.8240348235756672,0.1589128265390909,0.0,0.20928725844153157,0.1259391917111997,2.4255330383253306,1.2880600935404318,1.2659613896819086,1.723093633804967,1.6340098769851936,1.411481511387171,1.2736063017129755,1.213308916485691,1.7991363987200855,0.6357733222211509,1.2845449291087536,1.2566188229543125,1.2539685233261588,1.2597987379180293,1.2684008116862509,1.2766055841676225,1.2866223826264103,1.2557201410540455,,0.5041564567610971,1.2540788142883967,1.2526736616530785,1.2532122271810695,1.2521689188247196,1.2454693440047753,1.2458161096330145,1.771159765061389,1.5405202418220072,2.481725691039887,1.2835944308908376,1.9007908950251209,1.7739038426426559,0.6677961699516892,1.7391759559074658,1.1663616493276163,1.777659166729956,1.7712592427368716,0.8296399784628626,1.320741079677263,1.28448124072647,1.7863440488129851,1.7729006881506302,1.1949254604286232,1.7750296932637286,0.6936320623540737,0.7107738870120935,0.7107994251758957,1.426592298922481,1.2504546848270817,1.5416225566883166,0.8106794787783272,0.8385997000175455,0.8085449868978599,0.826383425588913,0.8208766388388913,0.8013800964894643,0.8138818345933048,2.4920542982776936,1.2847458635431541,0.799635652390254,2.4794183729659958,1.7851678786210121,2.486116059570976,1.251522838205881,1.78320176139042
MP/mp-1245209,0.9227438165287699,0.8889126696246209,0.08382766146846116,0.20928725844153157,0.0,0.09670893395116421,2.5073771579298536,1.3635549827810087,1.3395624901793797,1.7863408951936057,1.6040078330277512,1.4896486716806048,1.3514445233429366,1.263137545924182,1.8683449223160076,0.6570047385282932,1.3467003375614244,1.3315649046743172,1.3271112338779367,1.3367173972602453,1.3487064101087278,1.3612434139774956,1.372197957449723,1.327192623517061,,0.5280833710680483,1.3271295692481886,1.3246953014671754,1.326873247174574,1.3227800049649514,1.321253664496993,1.3217102133920116,1.838345333602523,1.601495449749365,2.565963880741777,1.3535449850452244,1.9552552224953184,1.841295767233397,0.618086541631369,1.81635709463459,1.0099215244153286,1.845330587387824,1.8384523237472667,0.8936201386513686,1.343595814143337,1.2204540539149178,1.8546493414363447,1.8402173847822123,1.246449116400505,1.842505761102097,0.8484787200034851,0.8258058392065226,0.8258678667946684,1.4713254716740989,1.2814254102532767,1.6030268440182565,0.8652111046750981,0.9391734078136665,0.9132800135187967,0.9299504148656638,0.9265567542670905,0.9056498097401385,0.9184682944859912,2.5766995574789844,1.3568038188596465,0.903539324689567,2.5635643186608204,1.8533883300034837,2.570528442461582,1.321688447748192,1.8512796956841195
MP/mp-1245255,0.8577137529921234,0.8641957135443232,0.06230985353289348,0.1259391917111997,0.09670893395116421,0.0,2.4649885770769155,1.33907053208045,1.315673599503384,1.7606757135948337,1.6057165659369248,1.4579495202250112,1.3257436557653828,1.2471834759204876,1.8403436536532842,0.6276802189997787,1.327559238611303,1.3067945196830417,1.3030563402108706,1.3111381712544379,1.3217719494868094,1.332390656797911,1.3430895851196998,1.3039869392943515,,0.4972030109632001,1.303123741177471,1.301101600380018,1.3025505098895254,1.2998525218230033,1.294341475934625,1.294758834039757,1.8111366684999688,1.5725097187866666,2.5229394019314038,1.3312920530054237,1.9272515573102087,1.814006245730651,0.6449973360212838,1.7832272721574896,1.0788377457621738,1.8179315531723643,1.8112407150131191,0.8680742695064118,1.321210311133182,1.2490662050391839,1.8270019504185988,1.8129573396601948,1.211572090905566,1.8151832701729895,0.7752660385967869,0.7770149459504262,0.7770718868526594,1.4438951940652862,1.2556150798151848,1.5737780071602412,0.8450437410594994,0.907972098348692,0.8808009741868237,0.8977844549613276,0.8936629120028594,0.8732530069321306,0.8859960435738029,2.5335690919462204,1.3337046945785276,0.8714037951818706,2.5205639463449137,1.825774179944875,2.527458530770199,1.2988582238260602,1.8237213844996563
MP/mp-13161,2.0068565087859875,2.4646494399525483,2.5103999872187313,2.4255330383253306,2.5073771579298536,2.4649885770769155,0.0,2.3936934724883328,2.37890853962966,1.6241522046172951,3.4602000136589477,1.7919789391391778,2.3452017399982705,2.498345345774188,1.5705626361273026,2.7457513775851066,2.5077981073904776,2.351395773435827,2.3724159505309763,2.33613159755156,2.300933317297328,2.2657001686419376,2.245369730209888,2.3766084005733834,,2.4041543949975455,2.3713689689269866,2.3778338217760933,2.370324103517502,2.382951609378995,2.389110564994673,2.388603009920856,1.5883020985743885,1.2886920854979247,0.0998872855973171,2.441730358883874,0.9003703798457605,1.5864672273950173,2.3430358617710687,1.4881388931137887,2.7776290015800584,1.5839905196819146,1.5882352079397337,2.4823036239805005,1.9238718482058104,2.586452501091152,1.5784118437500536,1.5871355297680043,1.5391620875535643,1.5857205618347554,2.5083271827138116,1.9046453093789266,1.904732558153981,1.720110812699055,1.9668596748431955,1.2855032511106195,2.504065175230297,2.552195339250151,2.5978686003961053,2.57805099399881,2.58423792761323,2.559157891261009,2.5897240232828276,0.11773499133222948,2.4236060207485095,2.605109923472972,0.09587997053608341,1.5791553248683226,0.10749179265362259,2.3956667979845707,1.580406501834819
MP/mp-1986,1.2092401952220135,0.6598116763845546,1.3342679730083382,1.2880600935404318,1.3635549827810087,1.33907053208045,2.3936934724883328,0.0,0.043861678601230504,1.6098054500512058,2.0936651353277864,1.8258378493198337,0.07133463478088248,0.2929414068471606,1.6753291487319926,1.4470797477931276,0.17622525406156314,0.07376136171864137,0.06623219026416154,0.0855824512684822,0.12881099156483827,0.181268848356743,0.21286593517548222,0.06472421150536303,,1.4322985135511996,0.06673753835555435,0.06974444775756364,0.06866297122372404,0.07185651608392458,0.2240869821380542,0.22358275784589088,1.6509143534597277,1.8206500778908612,2.4423082864052077,0.07558525407188485,1.9036890440798873,1.653294668939555,1.0440638264372455,1.6148410017457446,1.6767246389259525,1.6565574472093305,1.6510005866551531,0.6604282097673982,1.3282837757975219,1.120818441864131,1.664125931621949,1.6524241149269512,1.5343347581228601,1.6542722190071717,1.2087646750284167,1.0706219891381221,1.0704793987222923,1.3333679708942818,1.2277868987403375,1.8210169435345396,0.6744177011166534,0.7546824829934755,0.903529368490008,0.8369631045827085,0.8774133106744484,0.8367668865439638,0.878510316774714,2.451321808055121,0.047325254082674885,0.9209666409879335,2.440297863514582,1.663099132757331,2.446136884761257,0.07785635634070695,1.6613839689988343
MP/mp-2133,1.188421773344645,0.651784710287485,1.3113427758235134,1.2659613896819086,1.3395624901793797,1.315673599503384,2.37890853962966,0.043861678601230504,0.0,1.5959504881746955,2.0731709568352876,1.8130479058686915,0.058864825640696276,0.27534846357280257,1.662154118947157,1.4301553402889238,0.18218057278708377,0.044829036825931326,0.03483881310596109,0.06284832936108148,0.11397806393662885,0.1706069590646269,0.20329977532645999,0.02664518798661564,,1.4102400811927331,0.034715371455442484,0.038903362327400416,0.039138835449098366,0.03581082910716293,0.21321758760416298,0.21281238456113583,1.6374947369922166,1.8022469523998366,2.4279396751640507,0.08790543107348753,1.8849856270207381,1.6398993288972747,1.009953191687109,1.6011320609975221,1.6438831331964894,1.6431952288705434,1.6375818513407419,0.6529372430138096,1.2987075302265956,1.1017460633479208,1.6508398664329411,1.63901990736679,1.509249000086517,1.6408868211462007,1.1957340513241346,1.051268414737915,1.0511293043775503,1.3078535369507964,1.1985467203753921,1.8026424822025964,0.6657551953543219,0.7549851668618721,0.9037975716184756,0.8377139754041999,0.8781643213281182,0.8357759805805555,0.8789180723446264,2.4370277465620784,0.06496279757640776,0.9207853605502643,2.4259125165433533,1.6498027908527824,2.431800035417509,0.05343480546586259,1.648070422742582
MP/mp-2229,1.395950650880882,1.5739960680381002,1.7990577970874893,1.723093633804967,1.7863408951936057,1.7606757135948337,1.6241522046172951,1.6098054500512058,1.5959504881746955,0.0,2.833287710489865,0.8605262734522443,1.5677137858956722,1.7107996678376771,0.14423575684832876,1.9984601338271921,1.7100406098310819,1.5751754515561793,1.5929891638658036,1.5624930070020147,1.5335518281925749,1.5062899919427295,1.490027054641364,1.5949829506716284,,1.706285919023046,1.5921200822071557,1.597717285527055,1.5917043924710736,1.6000749409781265,1.610298845178819,1.6098605276878428,0.09301202734724663,0.7316227218559898,1.6540368894631157,1.6512405331277822,0.849040738595296,0.09812161396089791,1.5382181695831003,0.25614793286026777,2.141051301300901,0.10508286785070803,0.09319760069016061,1.6030853026899294,1.1844117115675314,1.6785095283390312,0.12104741724929786,0.09625596009830671,1.0650046346582556,0.10021237593085008,1.8209166046950334,1.3226947497099593,1.3228750594787142,0.9062346305287838,1.1863897508575676,0.7319601634946189,1.6065980125034907,1.8103257180461871,1.875347354752127,1.8469247821341581,1.859725272704074,1.8305522332558006,1.8640306766040917,1.659953023140035,1.6354629701865784,1.884653250163904,1.652732134414687,0.11889615288269823,1.656536693572124,1.6128901121079178,0.11529258604760313
MP/mp-2346983,1.6721320787141896,1.9354205018828134,1.5754075435870807,1.6340098769851936,1.6040078330277512,1.6057165659369248,3.4602000136589477,2.0936651353277864,2.0731709568352876,2.833287710489865,0.0,2.8119790712746213,2.111423200034428,1.875343583094115,2.938980853147655,1.244769399680734,1.9870408041291834,2.078505200843872,2.057036035960622,2.0943787604678716,2.1332695587287818,2.1660749933764993,2.1961558820700455,2.0607442918537915,,1.5089641109563536,2.058412182330001,2.0513595831207034,2.0563659096211424,2.05059286274401,2.0251244110876367,2.0260653359762864,2.9010649108437376,2.8372104438323418,3.53392280125796,2.0467555194743894,3.0010357833521697,2.9048287046821843,1.7571531559986666,2.8720049493191198,1.6112412859676517,2.909963066801074,2.901201534763842,1.9170011870825001,2.237227048270065,1.7983298314764953,2.921766486054237,2.9034539609246703,2.4735921584494887,2.906369974152824,1.4337896199642481,2.1915297937306373,2.1914710606252403,2.484415043367913,2.1340098764160844,2.838525336663864,1.8853442042711266,1.9881173166189707,2.0134553586274513,2.0071647560464116,2.0228256888228295,2.0005519593098047,2.010265535588369,3.547230322705954,2.064095400216587,2.0085103143040124,3.530940393181621,2.9201736380333765,3.539587951524075,2.03479751965669,2.9175070758586004
MP/mp-997630,1.338913799875295,1.5422285467428265,1.5052113265468874,1.411481511387171,1.4896486716806048,1.4579495202250112,1.7919789391391778,1.8258378493198337,1.8130479058686915,0.8605262734522443,2.8119790712746213,0.0,1.7875310272476348,1.9161506819550738,0.8682325802963476,1.7935130609593053,1.9170290323788959,1.7939409404566526,1.8100544054657188,1.7824788670936313,1.756373155648862,1.7317298760485198,1.7171572645624433,1.811983996790528,,1.4544380206583931,1.8092671883449176,1.8143216092953078,1.8088483440961407,1.8165762027348265,1.8253416036303947,1.8249489191450992,0.8627468383324947,0.6026477560661586,1.8180613172146938,1.8634573509730727,1.176052101659646,0.8631591297061497,1.4934253443448269,0.8885893075341544,2.1058518405148328,0.8637691567679688,0.8627612860923012,1.5726085805585683,1.4487282019287433,1.9008659406533865,0.8653780284900617,0.863005106975168,0.975836138454881,0.8633364947139661,1.6597931533244357,1.0764341874038332,1.0766542194285316,1.232865478827263,1.452880885646747,0.6029402224908428,1.5760905344574778,1.6543494610319038,1.6489885256518102,1.6516907241934993,1.6442363142596765,1.632668347978618,1.6491799432852214,1.8232587134500349,1.8491202903901942,1.6509038518475774,1.8169164122200574,0.8651442294179158,1.8202562291744977,1.8280827270539597,0.8647644433017515
COD/cod-1011258,1.185089670118622,0.6599831469440539,1.3234846510165283,1.2736063017129755,1.3514445233429366,1.3257436557653828,2.3452017399982705,0.07133463478088248,0.058864825640696276,1.5677137858956722,2.111423200034428,1.7875310272476348,0.0,0.32379428787069486,1.630086503522045,1.4527451434460745,0.23726014398962175,0.05092971048195223,0.0731519445890043,0.04108521877956878,0.06610881312212119,0.1188147268894356,0.1497625954751224,0.07271338452638047,,1.4260307999643822,0.07223747439291353,0.08251458401744158,0.07341556614932504,0.08310890640713786,0.21182314283423825,0.21113878988277351,1.6067305869655149,1.7728132655330069,2.3925885644318736,0.13944079286996428,1.8533350854199164,1.6090023514849334,1.02140536760761,1.567071817729844,1.667740177739746,1.6121182924335495,1.606812866276997,0.663654975752398,1.2848670186331146,1.1279982099911798,1.6193545853639695,1.6081713566313445,1.4839375365441103,1.6099356727644165,1.2065711657572222,1.03177834452855,1.031638628690678,1.2833968686170445,1.186995189350759,1.773160901584637,0.6795914509537624,0.7632219753510928,0.9104669518671751,0.8447997593825097,0.8841237091825176,0.8421238643306909,0.8857120366176018,2.4013946427090485,0.11286826310034292,0.9277991702604842,2.390625208777225,1.6183721815921726,2.3963283406773117,0.10561328792996093,1.616731640440887
COD/cod-1011259,1.1910900327143994,0.6681661528707263,1.2356285236360283,1.213308916485691,1.263137545924182,1.2471834759204876,2.498345345774188,0.2929414068471606,0.27534846357280257,1.7107996678376771,1.875343583094115,1.9161506819550738,0.32379428787069486,0.0,1.7921994248192017,1.299684809374206,0.18269695236752043,0.28701345939933454,0.25914626260374374,0.31047894703101836,0.3632560070092456,0.41606180678833987,0.4501404021252129,0.2561680558525058,,1.3086219846640836,0.2600490168566306,0.24940421694063206,0.26076754536720365,0.24356617101923114,0.2809001066998274,0.2817488946904258,1.762370245864445,1.907494285177211,2.554633359926987,0.23604521652822252,1.9958250757426093,1.7653016121533216,0.9443432495599953,1.7326928479211534,1.5052935640453924,1.769311209211983,1.7624765352544218,0.658189214573618,1.311495882940337,0.9849222145494938,1.778575351578371,1.7642301371470221,1.5808811590283673,1.7665039394308881,1.15292062526647,1.1280682530221378,1.1279453080538944,1.3880891949693133,1.2059859179988457,1.907963864795667,0.6555653454998415,0.7818573737105834,0.9276219743031128,0.864313452292752,0.9071259657896199,0.8628601436804426,0.9038828404795965,2.564970372295069,0.2561893059895516,0.9414862511845139,2.5523238097734198,1.7773214397253385,2.5590276148596907,0.22683122452600943,1.7752248779036182
COD/cod-1534836,1.4665121231539668,1.6494004457377458,1.8804693024033239,1.7991363987200855,1.8683449223160076,1.8403436536532842,1.5705626361273026,1.6753291487319926,1.662154118947157,0.14423575684832876,2.938980853147655,0.8682325802963476,1.630086503522045,1.7921994248192017,0.0,2.096831151362002,1.7860316349340644,1.6399920578492733,1.6598240526047932,1.6256054349893476,1.5927625952677618,1.561394431386958,1.5424896085916717,1.6621562287582186,,1.8056498637024694,1.658886431543157,1.6652303411368372,1.6583757723238328,1.6680183797314354,1.6776086680552158,1.6770956072098364,0.051223729501082144,0.7137628453175269,1.5925242299915385,1.7214742198662674,0.8122392162617152,0.04611414288743086,1.6234680140803535,0.20126232725006202,2.2337859736913863,0.039152888997620726,0.051038156158168146,1.6796257778266095,1.2374411638116962,1.7852278521861722,0.023188339599030886,0.04797979675002206,1.085033445337154,0.04402338091747868,1.8966554757754723,1.3644610142246232,1.3646372373246207,0.9437458045092014,1.2477072608295514,0.7137515504017604,1.6865028485085092,1.8751761280832764,1.937715314192901,1.9101517500171707,1.9215758241963836,1.8933786107204167,1.926693996817482,1.597074474383653,1.7039754881153832,1.9472632364660718,1.5915282975708769,0.025339603965630533,1.5944401480319548,1.6820534549350687,0.028943170800725632
COD/cod-1536063,0.9304011494875944,1.0310148061566586,0.6073504060834336,0.6357733222211509,0.6570047385282932,0.6276802189997787,2.7457513775851066,1.4470797477931276,1.4301553402889238,1.9984601338271921,1.244769399680734,1.7935130609593053,1.4527451434460745,1.299684809374206,2.096831151362002,0.0,1.3863740534934317,1.4318134495605597,1.4181334521939775,1.442215156684603,1.4685533456090547,1.4918109751434403,1.51352323843303,1.4200530108546676,,0.5148032313259917,1.4191132119068866,1.4146250562348432,1.4177297627009995,1.4119906215127045,1.3691836497194387,1.3698474860109855,2.0612777381184504,1.9308845985121155,2.811993764887774,1.418681997678886,2.231501898294153,2.064794634736253,1.0158020525810314,2.0239796779958987,1.2980449283174569,2.0695967056609343,2.0614053504570737,1.0186325472229296,1.5889366033374719,1.3056123561042055,2.0806556058459287,2.06350974509126,1.5861933189184487,2.0662356102560238,0.6561137416557798,1.2164113185759646,1.216410628711467,1.7180921418869202,1.488692442728136,1.932002750092498,0.9908657184555846,1.1014388096541556,1.0936289817930125,1.100698557255988,1.1058054942699833,1.0912998664381015,1.0953762449196056,2.8240382770293526,1.4288979147476861,1.0866130949881307,2.809297919666914,2.079161673382548,2.817118132432086,1.40456550978134,2.076661783459666
COD/cod-1537875,1.2413689623265687,0.6657490960276489,1.316368771976912,1.2845449291087536,1.3467003375614244,1.327559238611303,2.5077981073904776,0.17622525406156314,0.18218057278708377,1.7100406098310819,1.9870408041291834,1.9170290323788959,0.23726014398962175,0.18269695236752043,1.7860316349340644,1.3863740534934317,0.0,0.21470919969247615,0.18410943756799217,0.23836500308314043,0.2931828599201523,0.34937677695933217,0.3831453961874122,0.17891944292851414,,1.3989157693849479,0.18546913634976095,0.17565551417769767,0.18736641120913064,0.17042154170457433,0.2740878610366269,0.27435316766660556,1.7580656368279257,1.9244631914180352,2.5610053120870657,0.10063999999999794,2.0136992549737234,1.7608082917538979,1.0390482256326914,1.7297466623728779,1.6242316130640666,1.7645618095791489,1.7581650613897843,0.6582352550750529,1.3928351190780452,1.0617476094032918,1.7732431148062267,1.7598056471616008,1.6249242127977461,1.7619335839527868,1.194992759700774,1.1512680875389565,1.1511282977865123,1.4247769423250538,1.2866006087494801,1.9249645973668705,0.6622174398469166,0.7561345621148359,0.9055549634728224,0.8392361646408709,0.8821496322581098,0.842022946056191,0.8807505090444546,2.5708050346396836,0.12889999999999838,0.9216281166219732,2.5588169510307317,1.7720673812409928,2.565170148407552,0.1505335289492361,1.7701020268699497
COD/cod-2107059,1.1730987825526669,0.653493350777004,1.3038725541187326,1.2566188229543125,1.3315649046743172,1.3067945196830417,2.351395773435827,0.07376136171864137,0.044829036825931326,1.5751754515561793,2.078505200843872,1.7939409404566526,0.05092971048195223,0.28701345939933454,1.6399920578492733,1.4318134495605597,0.21470919969247615,0.0,0.03206293293738216,0.02515298671348397,0.08149326813039613,0.13817430391326294,0.17280505959187475,0.04134859679409585,,1.404720860709457,0.030580441204907764,0.041634209303162674,0.03049364445748665,0.05383309970007077,0.2167435508729937,0.21626326327066922,1.6157969894020885,1.777160278139449,2.4000101122790074,0.1235849316169325,1.8579376206611546,1.6181538948023968,1.0011363909317503,1.5775771027000094,1.6411159250350416,1.621385320249417,1.6158823664647264,0.6556161881932341,1.2676396083134032,1.1037829860134956,1.6288842306078273,1.6172918493736956,1.4846785155691062,1.6191219629264726,1.1915882708847931,1.029687174439832,1.029550703902166,1.2847156800878807,1.1690539705215872,1.7774704037060358,0.6698414728243182,0.7597954952891259,0.9076977942692295,0.84208769804819,0.8819664619900222,0.8390502074857153,0.8829542800354047,2.409029294395058,0.10129014873772844,0.9246445931504091,2.3979986484033127,1.6278666195844285,2.403840918928829,0.06834851676781047,1.6261669765599445
COD/cod-2300112,1.1751952008675977,0.6498576030903737,1.2989403392475614,1.2539685233261588,1.3271112338779367,1.3030563402108706,2.3724159505309763,0.06623219026416154,0.03483881310596109,1.5929891638658036,2.057036035960622,1.8100544054657188,0.0731519445890043,0.25914626260374374,1.6598240526047932,1.4181334521939775,0.18410943756799217,0.03206293293738216,0.0,0.056791466168292774,0.11335226568394904,0.16974407446796366,0.2046903029149059,0.021896874371647754,,1.3969665862708363,0.002406207948147895,0.010829539201576263,0.006139911148561729,0.03094115877718958,0.21134247079187296,0.21100045255682934,1.6349445749195002,1.7962376632556754,2.421879326771895,0.09714391999422331,1.8783128211709152,1.637371335230474,0.9993896091518579,1.5979988823835964,1.6319214135303535,1.6406973624908037,1.6350324952024966,0.650479172612959,1.2794729422542894,1.0917885910207499,1.6484107619637962,1.6364838247492954,1.5014055602822236,1.6383678850836896,1.1843852414092422,1.0435289608003957,1.0433921171042368,1.3014653377849814,1.179262589371485,1.7965761593463179,0.6630863552917445,0.7557495872236439,0.9044426743622311,0.8385783956518578,0.879075656306234,0.8361741059194905,0.8796262616095837,2.431043591618947,0.07881244479852818,0.9212417548976535,2.419835015139968,1.6473644476360847,2.425772191962545,0.03674815764260012,1.6456165847641928
COD/cod-2300113,1.1704610659038248,0.6575670475848168,1.3091283719035705,1.2597987379180293,1.3367173972602453,1.3111381712544379,2.33613159755156,0.0855824512684822,0.06284832936108148,1.5624930070020147,2.0943787604678716,1.7824788670936313,0.04108521877956878,0.31047894703101836,1.6256054349893476,1.442215156684603,0.23836500308314043,0.02515298671348397,0.056791466168292774,0.0,0.05658406854934175,0.11315110652249148,0.1479043425723546,0.06481200645889952,,1.4119100888325757,0.05548934425441804,0.06669414435251839,0.0546754960902504,0.0771416812462244,0.22286411521216776,0.22227553855294244,1.6019898852891585,1.7638090721928914,2.384021775521297,0.14472719267734793,1.843571892087592,1.6042877191859608,1.0059592603482488,1.5624418495244048,1.6513541283902682,1.6074391184208854,1.602073112031826,0.6608221860954607,1.2609107813340563,1.11546392607739,1.6147564669918364,1.6034472098321604,1.47368830650393,1.6052316972387888,1.1953757507873608,1.0208654364609016,1.02072867872516,1.2738561978130272,1.1632686071016964,1.7640982344190466,0.676382273996332,0.7637526302068867,0.9108909925131639,0.8455108172928876,0.8848707376300198,0.8421043218208997,0.8862107361344687,2.3929168829599243,0.12048127690287168,0.9279790026434256,2.38203838930754,1.6137631625437405,2.387799521870668,0.09336064779781746,1.6121043463895086
COD/cod-2300114,1.1695130169913466,0.6698851375017886,1.3218162550541865,1.2684008116862509,1.3487064101087278,1.3217719494868094,2.300933317297328,0.12881099156483827,0.11397806393662885,1.5335518281925749,2.1332695587287818,1.756373155648862,0.06610881312212119,0.3632560070092456,1.5927625952677618,1.4685533456090547,0.2931828599201523,0.08149326813039613,0.11335226568394904,0.05658406854934175,0.0,0.057706933738144006,0.09135559614872824,0.11926605417138289,,1.4291730204226991,0.11200056231322253,0.12312512902591785,0.11120041362031155,0.13129071830394867,0.24732824922205415,0.2465618951119589,1.5704738057059655,1.7327231480784417,2.3471919385525957,0.1968160144565029,1.810080014759454,1.5726363921909214,1.015129214563667,1.5283770837907154,1.671935130128922,1.575604569046007,1.5705521091558894,0.6756796799700661,1.2450856841501916,1.1411534869246414,1.582506237899354,1.5718451907212145,1.447660357390415,1.5735252150526386,1.2100209888821831,1.0009650230092195,1.0008288321618526,1.2481053017066046,1.1503730154791345,1.7329648783774185,0.6939132374486195,0.775718784086315,0.9207084666188805,0.8560589591323227,0.894148184338921,0.8516746965110445,0.8962566488158984,2.3558077167504554,0.17064538047336408,0.9380116282523212,2.34527177298121,1.5815685814604805,2.3508502218979728,0.14981324398741996,1.5800032360640235
COD/cod-2300115,1.1633662363817519,0.686571067056724,1.3345515204851337,1.2766055841676225,1.3612434139774956,1.332390656797911,2.2657001686419376,0.181268848356743,0.1706069590646269,1.5062899919427295,2.1660749933764993,1.7317298760485198,0.1188147268894356,0.41606180678833987,1.561394431386958,1.4918109751434403,0.34937677695933217,0.13817430391326294,0.16974407446796366,0.11315110652249148,0.057706933738144006,0.0,0.03785604995344906,0.17674745698273212,,1.4454646541048168,0.1685195645616128,0.17967004330215894,0.1670542354858149,0.18847295971688804,0.2796716656840431,0.27878352518950617,1.540504589344643,1.7028603622294707,2.3102910499487623,0.2520180233450449,1.7774508389150268,1.5425246866374274,1.0296540840314778,1.4949638812793293,1.6962317022613278,1.545299787453445,1.5405777063618273,0.694542438142187,1.2279565344919332,1.1694746231887352,1.5517632399803292,1.5417854363675323,1.4234676696839266,1.543355393271335,1.2185922873036523,0.9836688668883827,0.98353320437049,1.225148770028979,1.1356765524777965,1.7030264319280728,0.7154634595992921,0.7919715256473557,0.934162208878253,0.8705157717484678,0.9072029653462643,0.8652586954645893,0.910022461053214,2.3186213410972667,0.22519879263653836,0.9516309196132979,2.308435500921266,1.5508842630405941,2.3138272347113045,0.20638237154789843,1.54941747031743
COD/cod-2300116,1.1718831590686867,0.6991324863984216,1.346401548605936,1.2866223826264103,1.372197957449723,1.3430895851196998,2.245369730209888,0.21286593517548222,0.20329977532645999,1.490027054641364,2.1961558820700455,1.7171572645624433,0.1497625954751224,0.4501404021252129,1.5424896085916717,1.51352323843303,0.3831453961874122,0.17280505959187475,0.2046903029149059,0.1479043425723546,0.09135559614872824,0.03785604995344906,0.0,0.2099735289852729,,1.4604301105825912,0.20333930566181976,0.2144270915491828,0.20240847689733035,0.22169541097379428,0.3052160466324271,0.3042863188720933,1.5225010518714022,1.6850099670646312,2.2888617935466513,0.28501722533924306,1.7580867933506232,1.5244294047154003,1.0365919825374708,1.4759465153288336,1.7088391409770785,1.5270801691703986,1.522570829730386,0.7086433653360454,1.22324185768983,1.1871529611666178,1.5332613343995063,1.523723605741911,1.4091495592456067,1.5252226883669175,1.2369423177473229,0.9745490556730242,0.9744146339485182,1.2109030754333763,1.1337017522037136,1.6851629154149244,0.730728408037736,0.8032816664139829,0.9436618525824338,0.8806760787606593,0.9164717366805216,0.8748092977444307,0.9197536111608484,2.2970036028839,0.2578110381753844,0.9611747025053619,2.287048889384452,1.5324201641035955,2.2923173813037,0.24114024314788038,1.5310168631803975
COD/cod-2300450,1.1834505341107222,0.6486938885050173,1.2996010061694532,1.2557201410540455,1.327192623517061,1.3039869392943515,2.3766084005733834,0.06472421150536303,0.02664518798661564,1.5949829506716284,2.0607442918537915,1.811983996790528,0.07271338452638047,0.2561680558525058,1.6621562287582186,1.4200530108546676,0.17891944292851414,0.04134859679409585,0.021896874371647754,0.06481200645889952,0.11926605417138289,0.17674745698273212,0.2099735289852729,0.0,,1.3978627795380956,0.02105379020937395,0.020746222448116594,0.027768246065619645,0.015086211669140707,0.20870036993369787,0.20839432674650074,1.6371612929686652,1.798683640254534,2.4261681339475065,0.0922823766327847,1.8812970371471636,1.6395998026770533,0.9944441744508395,1.6011563730830325,1.6262453163183386,1.642941754124667,1.6372496408780883,0.6494061860460246,1.2848423720670998,1.0886078458497945,1.6506913119317972,1.6387080081470269,1.5021419675854506,1.6406011453088556,1.1924135727895353,1.0454487629781286,1.0453124865351522,1.3013883178913317,1.1851381430737784,1.799065116827458,0.6613453668324479,0.7549738156588085,0.9038781039980638,0.8379652603985784,0.8785717736050391,0.835485709610314,0.8790667866401347,2.435348626358931,0.07457191487826319,0.9206002603170723,2.4241201383310194,1.6496401544712296,2.4300679492165442,0.03706820359388176,1.6478841584727106
COD/cod-3000626,,,,,,,,,,,,,,,,,,,,,,,,,,,,,,,,,,,,,,,,,,,,,,,,,,,,,,,,,,,,,,,,,,,,,,,
COD/cod-4517837,0.8064713161745957,1.0446468911449487,0.5100301369717094,0.5041564567610971,0.5280833710680483,0.4972030109632001,2.4041543949975455,1.4322985135511996,1.4102400811927331,1.706285919023046,1.5089641109563536,1.4544380206583931,1.4260307999643822,1.3086219846640836,1.8056498637024694,0.5148032313259917,1.3989157693849479,1.404720860709457,1.3969665862708363,1.4119100888325757,1.4291730204226991,1.4454646541048168,1.4604301105825912,1.3978627795380956,,0.0,1.3972843424733978,1.394001043325391,1.3965667749308648,1.3920241896459027,1.3714826240173785,1.3720287550908816,1.7696547140118524,1.5706784366371755,2.4729419028531967,1.415392422926074,1.8993166114043207,1.7732116119601167,0.8348380036320338,1.752215404580836,1.220103433124678,1.7780696758404861,1.7697837627240203,1.041027572102467,1.3942752139691388,1.2869312913212814,1.789263353346548,1.7719120082134294,1.2853940261982753,1.7746692243871922,0.7771441968979682,0.955829843484248,0.955875492313289,1.484172235101783,1.318567492693402,1.5714167800460148,1.0169634471693878,1.0956855201630407,1.0876231149528701,1.095581431327661,1.0981677125363771,1.0779074764438397,1.089707853063744,2.4854550069627126,1.4212668154047483,1.0803791411048425,2.470141370560055,1.787750751199462,2.478265465234816,1.388432173368779,1.785219939417803
COD/cod-9004178,1.1757664247561375,0.6500212587318253,1.2990572582368916,1.2540788142883967,1.3271295692481886,1.303123741177471,2.3713689689269866,0.06673753835555435,0.034715371455442484,1.5921200822071557,2.058412182330001,1.8092671883449176,0.07223747439291353,0.2600490168566306,1.658886431543157,1.4191132119068866,0.18546913634976095,0.030580441204907764,0.002406207948147895,0.05548934425441804,0.11200056231322253,0.1685195645616128,0.20333930566181976,0.02105379020937395,,1.3972843424733978,0.0,0.011461070819014285,0.007083981061996914,0.03085016243312555,0.21200245063103815,0.2116576243394242,1.634030013888507,1.795229107616788,2.4208063846615935,0.09844212213054733,1.8772402043030743,1.636454411682103,0.9987875610903106,1.5971418286442352,1.6316813930162253,1.6397772426461306,1.6341178481241765,0.6507100837118093,1.2786404408850414,1.0919307629421766,1.647483408856598,1.6355677622082763,1.500362502041153,1.637449998842988,1.185521133597715,1.0426461544096604,1.0425094473846552,1.3003768991127775,1.1786099670698227,1.7955659093920049,0.6633606476815992,0.7559057529785657,0.9045739808349438,0.8387238547864222,0.8791971983716379,0.8362618813201724,0.8797634051616492,2.429966266854619,0.07997188623407966,0.9213691090483429,2.418763067529386,1.6464380613904677,2.424697373211422,0.037887660870224334,1.6446918235609291
COD/cod-9004179,1.1773072248921168,0.6489680703965095,1.2966390184415006,1.2526736616530785,1.3246953014671754,1.301101600380018,2.3778338217760933,0.06974444775756364,0.038903362327400416,1.597717285527055,2.0513595831207034,1.8143216092953078,0.08251458401744158,0.24940421694063206,1.6652303411368372,1.4146250562348432,0.17565551417769767,0.041634209303162674,0.010829539201576263,0.06669414435251839,0.12312512902591785,0.17967004330215894,0.2144270915491828,0.020746222448116594,,1.394001043325391,0.011461070819014285,0.0,0.01483841826113843,0.026251042464580925,0.2120290470660573,0.21174393574349135,1.6401199833982911,1.8009018550498708,2.42760007107746,0.0916797663376426,1.883308972710979,1.6425702635700277,0.9963968947739379,1.603824545242827,1.6265948963995165,1.645928158895184,1.6402087597979058,0.6491380917564723,1.2811050682654728,1.086620908338297,1.6537138816094277,1.6416741779517559,1.5049642209239775,1.6435764059813733,1.18445805852945,1.0465091324524192,1.0463728155104015,1.3050016623301488,1.1807738692895076,1.8012464524902665,0.6611353430496797,0.75492658126277,0.9038140225803221,0.8379195576152005,0.8785952676870037,0.8355911388511635,0.8789967359174461,2.436816380990734,0.07578891171033345,0.9205232124145243,2.4255439882738914,1.6526578832233203,2.4315151875296794,0.026778487027611656,1.6508937556506533
COD/cod-9004180,1.1724946473717057,0.6503641086554033,1.2985664033600197,1.2532122271810695,1.326873247174574,1.3025505098895254,2.370324103517502,0.06866297122372404,0.039138835449098366,1.5917043924710736,2.0563659096211424,1.8088483440961407,0.07341556614932504,0.26076754536720365,1.6583757723238328,1.4177297627009995,0.18736641120913064,0.03049364445748665,0.006139911148561729,0.0546754960902504,0.11120041362031155,0.1670542354858149,0.20240847689733035,0.027768246065619645,,1.3965667749308648,0.007083981061996914,0.01483841826113843,0.0,0.03627676138670992,0.21140387459919263,0.2110493994156195,1.6335518593988283,1.794696041957576,2.4197343610504003,0.10071315506701627,1.876557269018668,1.635972954317201,1.000317429033885,1.5962658315788107,1.6333740152538685,1.6392913070706077,1.6336395734436286,0.6510135628754348,1.2771044575555806,1.0929489619727373,1.646987297237762,1.6350875092605264,1.5001181814181281,1.636967193863074,1.1821516211271172,1.0422410174758099,1.0421040169712827,1.3004464399503621,1.1768131861602111,1.7950207440114783,0.6638589398002656,0.7562456999964312,0.904832059994085,0.8390071788854625,0.8794479240280577,0.8365652801411236,0.8800227450893595,2.4288896517922036,0.08231745049757602,0.9216459059883444,2.4176920855179524,1.6459433133880261,2.4236233838004804,0.03997780092884826,1.644199365066867
COD/cod-9004181,1.1819978765688748,0.6468009056801737,1.2951108850601125,1.2521689188247196,1.3227800049649514,1.2998525218230033,2.382951609378995,0.07185651608392458,0.03581082910716293,1.6000749409781265,2.05059286274401,1.8165762027348265,0.08310890640713786,0.24356617101923114,1.6680183797314354,1.4119906215127045,0.17042154170457433,0.05383309970007077,0.03094115877718958,0.0771416812462244,0.13129071830394867,0.18847295971688804,0.22169541097379428,0.015086211669140707,,1.3920241896459027,0.03085016243312555,0.026251042464580925,0.03627676138670992,0.0,0.19971312927924678,0.1994768685761035,1.6427610586696726,1.8037603424753301,2.43284229586277,0.08831231276385072,1.8868457151163385,1.6452262884580244,0.9899523507555241,1.6068617631217892,1.619102040589817,1.6486044473625048,1.642850379147008,0.6470542981831122,1.2865445731659235,1.0825276103714847,1.656436190668507,1.6443247517817763,1.504715014220901,1.6462385294435495,1.188447244940904,1.048708765427074,1.0485727010204613,1.304188761564283,1.1862608607985563,1.8041608991767004,0.6582319276326932,0.7542730625124632,0.9033594473995235,0.8374481716036991,0.8782584458461051,0.8349933976761631,0.8785567268630223,2.442079606502022,0.07400189051247907,0.9199606560715903,2.4307814473580494,1.65537402744257,2.436766405011852,0.03212904823120474,1.6535995476989722
COD/cod-9008877,1.159084309474262,0.6689348998198346,1.29074773698934,1.2454693440047753,1.321253664496993,1.294341475934625,2.389110564994673,0.2240869821380542,0.21321758760416298,1.610298845178819,2.0251244110876367,1.8253416036303947,0.21182314283423825,0.2809001066998274,1.6776086680552158,1.3691836497194387,0.2740878610366269,0.2167435508729937,0.21134247079187296,0.22286411521216776,0.24732824922205415,0.2796716656840431,0.3052160466324271,0.20870036993369787,,1.3714826240173785,0.21200245063103815,0.2120290470660573,0.21140387459919263,0.19971312927924678,0.0,0.0012454371547207734,1.6525771299740535,1.8131413387720936,2.4387718217871996,0.2308508856587376,1.895789338107468,1.6550198504971771,1.0121425006666331,1.6064296288289608,1.6343082411953442,1.6583673350812522,1.6526656330424216,0.6687767586288118,1.297523448384161,1.1060002229457626,1.666128707867096,1.6541265332126194,1.4968261753184402,1.6560228795545273,1.161584889832406,1.0657971943431956,1.0656593976579194,1.306771130440423,1.194220356872227,1.813557439795743,0.680248456850152,0.7832260591906481,0.9279043366838707,0.8637102750752078,0.9035641950095439,0.8614419068987496,0.9037720434963155,2.4479683440042126,0.22539820440592956,0.9440670501317096,2.43672014171216,1.665076028545258,2.442678542591257,0.2128930919208003,1.6633174345308839
COD/cod-9011662,1.1591722011509642,0.6690129730210178,1.2911967685170758,1.2458161096330145,1.3217102133920116,1.294758834039757,2.388603009920856,0.22358275784589088,0.21281238456113583,1.6098605276878428,2.0260653359762864,1.8249489191450992,0.21113878988277351,0.2817488946904258,1.6770956072098364,1.3698474860109855,0.27435316766660556,0.21626326327066922,0.21100045255682934,0.22227553855294244,0.2465618951119589,0.27878352518950617,0.3042863188720933,0.20839432674650074,,1.3720287550908816,0.2116576243394242,0.21174393574349135,0.2110493994156195,0.1994768685761035,0.0012454371547207734,0.0,1.6520895844453194,1.8127454912198089,2.4382302535878413,0.23070680554131828,1.8953588924883267,1.654529709108284,1.0126566713790468,1.6059015658369917,1.6350973065380954,1.6578736752396825,1.6521779930383218,0.6688965178423714,1.29753084047457,1.1066193225503977,1.6656270578176768,1.6536373383394096,1.4966243803095416,1.6555316792284929,1.161853036282947,1.0655560489292262,1.0654181832176637,1.3065573459862372,1.1942585081344597,1.8131603251976094,0.6804435776174182,0.7832069178783598,0.9278825831497562,0.8636806110324745,0.9035199421487906,0.8614180053527669,0.903746973879974,2.44742091599912,0.22511845166409813,0.9440596002956271,2.436179898212105,1.6645754488062752,2.4421344696567413,0.2127373617973355,1.662818652117817
OQMD/oqmd-1106917,1.4401953248709807,1.6215541866652752,1.850679993888457,1.771159765061389,1.838345333602523,1.8111366684999688,1.5883020985743885,1.6509143534597277,1.6374947369922166,0.09301202734724663,2.9010649108437376,0.8627468383324947,1.6067305869655149,1.762370245864445,0.051223729501082144,2.0612777381184504,1.7580656368279257,1.6157969894020885,1.6349445749195002,1.6019898852891585,1.5704738057059655,1.540504589344643,1.5225010518714022,1.6371612929686652,,1.7696547140118524,1.634030013888507,1.6401199833982911,1.6335518593988283,1.6427610586696726,1.6525771299740535,1.6520895844453194,0.0,0.7168407613085916,1.6131620740775214,1.6954599387719211,0.822605903989818,0.005109586613651283,1.5922192761004061,0.21132427382873506,2.200217220313566,0.012070840503461421,0.00018557334291399892,1.6514072888358353,1.2169165489657288,1.7467109108461982,0.02803538990205126,0.0032439327510600884,1.0757508597315837,0.007200348583603473,1.8688346598068428,1.348010134766307,1.34818799344816,0.9280338775919479,1.2243379927533324,0.7169558378041689,1.6571294669080499,1.851118756154647,1.9145546710225385,1.8866776485202628,1.8985865569789644,1.8700346135556165,1.9034247694371593,1.618213179662766,1.6785453895307068,1.924023413993348,1.6120529464948576,0.02588412553545161,1.6152920566659716,1.6563837238350967,0.02228055870035651
OQMD/oqmd-116025,1.3098618656221626,1.6567357209032139,1.6214134303838683,1.5405202418220072,1.601495449749365,1.5725097187866666,1.2886920854979247,1.8206500778908612,1.8022469523998366,0.7316227218559898,2.8372104438323418,0.6026477560661586,1.7728132655330069,1.907494285177211,0.7137628453175269,1.9308845985121155,1.9244631914180352,1.777160278139449,1.7962376632556754,1.7638090721928914,1.7327231480784417,1.7028603622294707,1.6850099670646312,1.798683640254534,,1.5706784366371755,1.795229107616788,1.8009018550498708,1.794696041957576,1.8037603424753301,1.8131413387720936,1.8127454912198089,0.7168407613085916,0.0,1.3189492725627276,1.8638453446013408,0.6125262746067662,0.7163698934415406,1.4907590045521302,0.6816129951471478,2.0233518390992744,0.7157865876755163,0.716823028059481,1.6855192735956224,1.2641883677056167,1.840422902878183,0.7147031648070442,0.7165376333021947,0.7619264117773227,0.716187642550425,1.780382082548697,1.1108010818814773,1.1110299608748104,1.0376673697474594,1.2956028151523058,0.010383022311675287,1.6920465627384986,1.8077161414705394,1.8321096538453274,1.8225079895072263,1.8231084258962393,1.8000380240285154,1.8276692379955397,1.3250759200284967,1.8474519924272461,1.8363746376106427,1.3176029854569447,0.714828469446176,1.3215337014275315,1.8170351877767343,0.7150528182275039
OQMD/oqmd-117131,2.0647956880681155,2.5150281959324303,2.5689561489793964,2.481725691039887,2.565963880741777,2.5229394019314038,0.0998872855973171,2.4423082864052077,2.4279396751640507,1.6540368894631157,3.53392280125796,1.8180613172146938,2.3925885644318736,2.554633359926987,1.5925242299915385,2.811993764887774,2.5610053120870657,2.4000101122790074,2.421879326771895,2.384021775521297,2.3471919385525957,2.3102910499487623,2.2888617935466513,2.4261681339475065,,2.4729419028531967,2.4208063846615935,2.42760007107746,2.4197343610504003,2.43284229586277,2.4387718217871996,2.4382302535878413,1.6131620740775214,1.3189492725627276,0.0,2.492385787997356,0.9348929649674719,1.611042185023705,2.400984821482298,1.5112330098348912,2.844216056082338,1.6081756961670588,1.6130848480637836,2.5335243062530917,1.9700926847312172,2.651486424788512,1.6016967350311664,1.6118146619261526,1.5802430968902639,1.610178630030324,2.5645415882926237,1.9493558205213926,1.9494421686842507,1.7598918620104513,2.0154711294273526,1.3157249412403067,2.5563586528901037,2.600997182382725,2.645671636539343,2.626171912966426,2.631765067839438,2.6071948436503454,2.6376366513987786,0.01784770573491235,2.4735112829748966,2.6530671355021216,0.004007315061233686,1.6025620474406554,0.007604507056305491,2.446131405915648,1.604016944272648
OQMD/oqmd-1223683,1.2200110964877084,0.6565977938505841,1.3237508219976613,1.2835944308908376,1.3535449850452244,1.3312920530054237,2.441730358883874,0.07558525407188485,0.08790543107348753,1.6512405331277822,2.0467555194743894,1.8634573509730727,0.13944079286996428,0.23604521652822252,1.7214742198662674,1.418681997678886,0.10063999999999794,0.1235849316169325,0.09714391999422331,0.14472719267734793,0.1968160144565029,0.2520180233450449,0.28501722533924306,0.0922823766327847,,1.415392422926074,0.09844212213054733,0.0916797663376426,0.10071315506701627,0.08831231276385072,0.2308508856587376,0.23070680554131828,1.6954599387719211,1.8638453446013408,2.492385787997356,0.0,1.9496841429234981,1.6980033863556472,1.0382593709122603,1.6628115670123567,1.6521138541675149,1.70148713022917,1.6955521106902176,0.6536960966549131,1.3535405451715625,1.092396674068876,1.7095567910419136,1.6970733608026192,1.5714105144069528,1.6990474573133336,1.1997113911961899,1.1024885560422115,1.1023468675842647,1.3705480185521084,1.2503132680830973,1.8642720554210248,0.663504597821575,0.7502531170244156,0.9001834195772997,0.833387397740224,0.8751124090524455,0.8344798604507709,0.8751364940865097,2.501748801826656,0.028260000000000434,0.9171125725067015,2.490296271292551,1.7084629086943546,2.496363850334361,0.0746607107238323,1.7066350593452457
OQMD/oqmd-1230655,1.5165546906103653,1.900540792189311,1.9703582708408183,1.9007908950251209,1.9552552224953184,1.9272515573102087,0.9003703798457605,1.9036890440798873,1.8849856270207381,0.849040738595296,3.0010357833521697,1.176052101659646,1.8533350854199164,1.9958250757426093,0.8122392162617152,2.231501898294153,2.0136992549737234,1.8579376206611546,1.8783128211709152,1.843571892087592,1.810080014759454,1.7774508389150268,1.7580867933506232,1.8812970371471636,,1.8993166114043207,1.8772402043030743,1.883308972710979,1.876557269018668,1.8868457151163385,1.895789338107468,1.8953588924883267,0.822605903989818,0.6125262746067662,0.9348929649674719,1.9496841429234981,0.0,0.8214342862857933,1.7407313489484146,0.7375049927612036,2.207828006597403,0.8198866360307197,0.8225628261694319,1.925072838415259,1.3199986936157109,1.906023770626868,0.8165504056825851,0.8218585885421703,0.9956039752297061,0.8209635654728045,2.049056398486947,1.429822257203163,1.4299852937736817,1.09994520117128,1.3611938369799095,0.6109904209760608,1.935782384967237,2.0845831293077848,2.1408920169228374,2.11711704064422,2.1267623312350232,2.0962848578935946,2.1312347233748037,0.9420439857865007,1.9322698235279894,2.148583576818192,0.9333267453665312,0.8169825793246139,0.937904995758919,1.9005162630197998,0.8177186788451093
OQMD/oqmd-1343236,1.442760332968037,1.6242807654397073,1.853609426700524,1.7739038426426559,1.841295767233397,1.814006245730651,1.5864672273950173,1.653294668939555,1.6398993288972747,0.09812161396089791,2.9048287046821843,0.8631591297061497,1.6090023514849334,1.7653016121533216,0.04611414288743086,2.064794634736253,1.7608082917538979,1.6181538948023968,1.637371335230474,1.6042877191859608,1.5726363921909214,1.5425246866374274,1.5244294047154003,1.6395998026770533,,1.7732116119601167,1.636454411682103,1.6425702635700277,1.635972954317201,1.6452262884580244,1.6550198504971771,1.654529709108284,0.005109586613651283,0.7163698934415406,1.611042185023705,1.6980033863556472,0.8214342862857933,0.0,1.5952899839318493,0.2097813584093357,2.203535212851818,0.006961253889810138,0.004924013270737285,1.6541724874340822,1.218882752031059,1.750523742155552,0.02292580328839998,0.001865653862591194,1.076570967373535,0.00209076196995219,1.8715654176708973,1.3495728265835525,1.3497505306323354,0.9294863308529444,1.226593031426049,0.7164724375255846,1.660011839959654,1.85346894617999,1.916816057437109,1.8889699291920814,1.9008302505555665,1.8723133318930443,1.9056968206577325,1.616044100440891,1.6810292421289612,1.926293024763191,1.6099441769835736,0.02077453892180033,1.6131511418681082,1.6588911065629195,0.01717097208670523
OQMD/oqmd-1343668,0.9751063096071086,0.7842837309887043,0.6480945713025896,0.6677961699516892,0.618086541631369,0.6449973360212838,2.3430358617710687,1.0440638264372455,1.009953191687109,1.5382181695831003,1.7571531559986666,1.4934253443448269,1.02140536760761,0.9443432495599953,1.6234680140803535,1.0158020525810314,1.0390482256326914,1.0011363909317503,0.9993896091518579,1.0059592603482488,1.015129214563667,1.0296540840314778,1.0365919825374708,0.9944441744508395,,0.8348380036320338,0.9987875610903106,0.9963968947739379,1.000317429033885,0.9899523507555241,1.0121425006666331,1.0126566713790468,1.5922192761004061,1.4907590045521302,2.400984821482298,1.0382593709122603,1.7407313489484146,1.5952899839318493,0.0,1.584831032924546,0.8119284720565546,1.5994902685721006,1.592330616797363,0.7992565710137509,1.0933524356225686,0.9758481437427928,1.6091952866337695,1.594167569461149,1.1407018889597222,1.5965494808358451,1.0805690125809762,0.796784146835709,0.7968506275186298,1.169385219110822,1.0349084248066276,1.4933584645057734,0.7652646270245703,0.9265031459033801,0.9783857120377711,0.9607087747364674,0.9771236599920466,0.9331741304068036,0.9708922640372091,2.4116281007215172,1.0397908853945788,0.9774945866007222,2.398606868170549,1.6078816845573878,2.405509250979752,0.9950218835743546,1.6056853294430533
OQMD/oqmd-1343724,1.3715051835626155,1.597153844512295,1.8241743744464927,1.7391759559074658,1.81635709463459,1.7832272721574896,1.4881388931137887,1.6148410017457446,1.6011320609975221,0.25614793286026777,2.8720049493191198,0.8885893075341544,1.567071817729844,1.7326928479211534,0.20126232725006202,2.0239796779958987,1.7297466623728779,1.5775771027000094,1.5979988823835964,1.5624418495244048,1.5283770837907154,1.4949638812793293,1.4759465153288336,1.6011563730830325,,1.752215404580836,1.5971418286442352,1.603824545242827,1.5962658315788107,1.6068617631217892,1.6064296288289608,1.6059015658369917,0.21132427382873506,0.6816129951471478,1.5112330098348912,1.6628115670123567,0.7375049927612036,0.2097813584093357,1.584831032924546,0.0,2.200341219685557,0.20786307951732577,0.21126627181502822,1.6263170005495575,1.1836716668363882,1.742511715524099,0.20429324006259414,0.2103316455596833,1.0146742767810766,0.20918272673910296,1.8165704579697275,1.2962918293928056,1.2964538229466087,0.9010000899612467,1.188877636645796,0.6809870658747263,1.6361961000976706,1.8215992384203816,1.8858541489268783,1.8575149990041488,1.869298172701754,1.8403808052143107,1.8744901577085968,1.516015560902218,1.6446336881446468,1.895687502508512,1.5101861063297763,0.20470534357773398,1.5132468583028214,1.6213151646717496,0.20544427964591366
OQMD/oqmd-1343728,1.4952349916641827,1.4485178293643142,1.0591032245667071,1.1663616493276163,1.0099215244153286,1.0788377457621738,2.7776290015800584,1.6767246389259525,1.6438831331964894,2.141051301300901,1.6112412859676517,2.1058518405148328,1.667740177739746,1.5052935640453924,2.2337859736913863,1.2980449283174569,1.6242316130640666,1.6411159250350416,1.6319214135303535,1.6513541283902682,1.671935130128922,1.6962317022613278,1.7088391409770785,1.6262453163183386,,1.220103433124678,1.6316813930162253,1.6265948963995165,1.6333740152538685,1.619102040589817,1.6343082411953442,1.6350973065380954,2.200217220313566,2.0233518390992744,2.844216056082338,1.6521138541675149,2.207828006597403,2.203535212851818,0.8119284720565546,2.200341219685557,0.0,2.208066619530006,2.2003376052746635,1.4532293398178737,1.584376479332742,1.209001862831683,2.218506229252304,2.202322925777786,1.6848752900978798,2.2048948571745637,1.5799164576231044,1.5106263514364977,1.5107068224704305,1.739509227673103,1.5475989414874476,2.027336215540223,1.4082446478445267,1.5767894131814422,1.6091887588662759,1.6011925767832622,1.6149469576940292,1.5794028774088649,1.6057019700036315,2.8563181092661667,1.660955978714501,1.6040662957357268,2.841507127828276,2.2170956289542514,2.8493650854006534,1.6185794719395499,2.2147354118087628
OQMD/oqmd-1439997,1.4462766057959018,1.6280138898485899,1.857615642137358,1.777659166729956,1.845330587387824,1.8179315531723643,1.5839905196819146,1.6565574472093305,1.6431952288705434,0.10508286785070803,2.909963066801074,0.8637691567679688,1.6121182924335495,1.769311209211983,0.039152888997620726,2.0695967056609343,1.7645618095791489,1.621385320249417,1.6406973624908037,1.6074391184208854,1.575604569046007,1.545299787453445,1.5270801691703986,1.642941754124667,,1.7780696758404861,1.6397772426461306,1.645928158895184,1.6392913070706077,1.6486044473625048,1.6583673350812522,1.6578736752396825,0.012070840503461421,0.7157865876755163,1.6081756961670588,1.70148713022917,0.8198866360307197,0.006961253889810138,1.5994902685721006,0.20786307951732577,2.208066619530006,0.0,0.011885267160547422,1.6579576878969147,1.221590789546934,1.7557289134570644,0.01596454939858984,0.00882690775240133,1.0777262548916144,0.004870491919857949,1.875301781994699,1.351729998345706,1.351907488599973,0.9315065996065645,1.2296927872527497,0.7158720238844962,1.6639559732238483,1.8566886647890426,1.9199145465360008,1.8921106472756615,1.9039048504393097,1.875435783666995,1.9088099010022312,1.6131103187138196,1.684432268640258,1.9294026010307577,1.6070928989467357,0.01381328503199019,1.610255890258035,1.6623263299249271,0.010209718196895088
OQMD/oqmd-1442030,1.4402882452532173,1.6216530108412455,1.8507862212479598,1.7712592427368716,1.8384523237472667,1.8112407150131191,1.5882352079397337,1.6510005866551531,1.6375818513407419,0.09319760069016061,2.901201534763842,0.8627612860923012,1.606812866276997,1.7624765352544218,0.051038156158168146,2.0614053504570737,1.7581650613897843,1.6158823664647264,1.6350324952024966,1.602073112031826,1.5705521091558894,1.5405777063618273,1.522570829730386,1.6372496408780883,,1.7697837627240203,1.6341178481241765,1.6402087597979058,1.6336395734436286,1.642850379147008,1.6526656330424216,1.6521779930383218,0.00018557334291399892,0.716823028059481,1.6130848480637836,1.6955521106902176,0.8225628261694319,0.004924013270737285,1.592330616797363,0.21126627181502822,2.2003376052746635,0.011885267160547422,0.0,1.6515075215222486,1.2169876389977607,1.7468492718637707,0.02784981655913726,0.00305835940814609,1.0757802311847562,0.007014775240689473,1.8689336626377855,1.3480665824239397,1.3482444355239807,0.928086176243026,1.2244195922749508,0.7169376497876059,1.6572339628775064,1.8512039173196366,1.9146366096630743,1.8867607076686732,1.8986678506908088,1.8701171778367491,1.9035070947317283,1.6181341701413476,1.6786353918729289,1.9241056526146951,1.6119761236562722,0.02569855219253761,1.615214068305082,1.6564745792200704,0.022094985357442514
OQMD/oqmd-1442249,1.026698867295773,0.051618813557150166,0.8600883061767638,0.8296399784628626,0.8936201386513686,0.8680742695064118,2.4823036239805005,0.6604282097673982,0.6529372430138096,1.6030853026899294,1.9170011870825001,1.5726085805585683,0.663654975752398,0.658189214573618,1.6796257778266095,1.0186325472229296,0.6582352550750529,0.6556161881932341,0.650479172612959,0.6608221860954607,0.6756796799700661,0.694542438142187,0.7086433653360454,0.6494061860460246,,1.041027572102467,0.6507100837118093,0.6491380917564723,0.6510135628754348,0.6470542981831122,0.6687767586288118,0.6688965178423714,1.6514072888358353,1.6855192735956224,2.5335243062530917,0.6536960966549131,1.925072838415259,1.6541724874340822,0.7992565710137509,1.6263170005495575,1.4532293398178737,1.6579576878969147,1.6515075215222486,0.0,1.2166412710473986,1.04420572792173,1.6667157897326426,1.6531615412526586,1.3008218377825773,1.655307178420084,0.8964994390764452,0.8138040963052355,0.8137955743285169,1.2483864830908868,1.1146713306090472,1.6863674386176908,0.07489305610740812,0.4834820413106768,0.5755553042466202,0.5338491801140293,0.5614831324728699,0.5276188208451189,0.5592168494104477,2.5429808747047056,0.6552015733354416,0.5855355631179746,2.531413481259625,1.6655293767695114,2.5375424984503883,0.6463635204718448,1.6635463625828908
OQMD/oqmd-1443821,1.156229399603845,1.2033365486840908,1.3536426129750239,1.320741079677263,1.343595814143337,1.321210311133182,1.9238718482058104,1.3282837757975219,1.2987075302265956,1.1844117115675314,2.237227048270065,1.4487282019287433,1.2848670186331146,1.311495882940337,1.2374411638116962,1.5889366033374719,1.3928351190780452,1.2676396083134032,1.2794729422542894,1.2609107813340563,1.2450856841501916,1.2279565344919332,1.22324185768983,1.2848423720670998,,1.3942752139691388,1.2786404408850414,1.2811050682654728,1.2771044575555806,1.2865445731659235,1.297523448384161,1.29753084047457,1.2169165489657288,1.2641883677056167,1.9700926847312172,1.3535405451715625,1.3199986936157109,1.218882752031059,1.0933524356225686,1.1836716668363882,1.584376479332742,1.221590789546934,1.2169876389977607,1.2166412710473986,0.0,1.3447151355425615,1.2279277356562013,1.218162719705574,0.8307836505204036,1.2196925487071408,1.450033226046531,1.1039928289677605,1.104252287240905,0.5715724013918878,0.1460238072481937,1.2637378148602265,1.225303871705992,1.538415614268517,1.615605136554149,1.5845774509139137,1.6034053122384773,1.561694399333555,1.6031410229270946,1.9787686688018276,1.3436558834924477,1.6221163747823,1.9681616724216389,1.2270636150429381,1.9737742574703065,1.291750639377021,1.2256232282248585
OQMD/oqmd-1443987,1.3063171265227498,1.0464875786620398,1.2282595493460244,1.28448124072647,1.2204540539149178,1.2490662050391839,2.586452501091152,1.120818441864131,1.1017460633479208,1.6785095283390312,1.7983298314764953,1.9008659406533865,1.1279982099911798,0.9849222145494938,1.7852278521861722,1.3056123561042055,1.0617476094032918,1.1037829860134956,1.0917885910207499,1.11546392607739,1.1411534869246414,1.1694746231887352,1.1871529611666178,1.0886078458497945,,1.2869312913212814,1.0919307629421766,1.086620908338297,1.0929489619727373,1.0825276103714847,1.1060002229457626,1.1066193225503977,1.7467109108461982,1.840422902878183,2.651486424788512,1.092396674068876,1.906023770626868,1.750523742155552,0.9758481437427928,1.742511715524099,1.209001862831683,1.7557289134570644,1.7468492718637707,1.04420572792173,1.3447151355425615,0.0,1.7677118049384544,1.7491308034571749,1.605109469315465,1.7520857962703358,1.4148096230564462,1.3906206935391208,1.390635121980347,1.4908982886799913,1.2645310623219101,1.8417287826882878,1.0113433587709793,1.314970922136065,1.4071382634560305,1.369177907371503,1.3985604033009977,1.3610333667978642,1.3926639454251333,2.6633338606994803,1.102502841965683,1.4130065877323317,2.648835587355987,1.7660934061300433,2.6565261507254174,1.0768606700725991,1.7633849906390626
OQMD/oqmd-1444341,1.45443435081259,1.6366548873289573,1.866868832127113,1.7863440488129851,1.8546493414363447,1.8270019504185988,1.5784118437500536,1.664125931621949,1.6508398664329411,0.12104741724929786,2.921766486054237,0.8653780284900617,1.6193545853639695,1.778575351578371,0.023188339599030886,2.0806556058459287,1.7732431148062267,1.6288842306078273,1.6484107619637962,1.6147564669918364,1.582506237899354,1.5517632399803292,1.5332613343995063,1.6506913119317972,,1.789263353346548,1.647483408856598,1.6537138816094277,1.646987297237762,1.656436190668507,1.666128707867096,1.6656270578176768,0.02803538990205126,0.7147031648070442,1.6016967350311664,1.7095567910419136,0.8165504056825851,0.02292580328839998,1.6091952866337695,0.20429324006259414,2.218506229252304,0.01596454939858984,0.02784981655913726,1.6667157897326426,1.2279277356562013,1.7677118049384544,0.0,0.024791457150991167,1.0805404342100875,0.020835041318447788,1.883939704762425,1.3567990651190136,1.356976051731545,0.9363187725797907,1.2369202120874527,0.7147492433405009,1.6730754957435046,1.8641497560647315,1.9270965971309042,1.8993901304298813,1.9110330463885457,1.8826742867339492,1.9160256757125567,1.6064758320139472,1.6923188746225495,1.936609570019154,1.6006490887621727,0.0021512643665996486,1.6037104568214313,1.670287362103717,0.005754831201694752
OQMD/oqmd-1472687,1.4418222064700092,1.6232838814756276,1.8525387118038161,1.7729006881506302,1.8402173847822123,1.8129573396601948,1.5871355297680043,1.6524241149269512,1.63901990736679,0.09625596009830671,2.9034539609246703,0.863005106975168,1.6081713566313445,1.7642301371470221,0.04797979675002206,2.06350974509126,1.7598056471616008,1.6172918493736956,1.6364838247492954,1.6034472098321604,1.5718451907212145,1.5417854363675323,1.523723605741911,1.6387080081470269,,1.7719120082134294,1.6355677622082763,1.6416741779517559,1.6350875092605264,1.6443247517817763,1.6541265332126194,1.6536373383394096,0.0032439327510600884,0.7165376333021947,1.6118146619261526,1.6970733608026192,0.8218585885421703,0.001865653862591194,1.594167569461149,0.2103316455596833,2.202322925777786,0.00882690775240133,0.00305835940814609,1.6531615412526586,1.218162719705574,1.7491308034571749,0.024791457150991167,0.0,1.076268783837577,0.003956415832543384,1.870567185478058,1.3490002104779837,1.349177971214039,0.928953005053579,1.225767665509664,0.7166447558824582,1.658958160844408,1.8526095378382532,1.9159890916195121,1.8881316729101576,1.9000097293477942,1.8714800123718778,1.904865956345234,1.6168345580075354,1.680120942180545,1.9254630644940594,1.6107125893811391,0.022640192784391524,1.613931304333434,1.6579742049392054,0.01903662594929642
OQMD/oqmd-1472817,1.0947227626295213,1.2786488436780596,1.2602300415039411,1.1949254604286232,1.246449116400505,1.211572090905566,1.5391620875535643,1.5343347581228601,1.509249000086517,1.0650046346582556,2.4735921584494887,0.975836138454881,1.4839375365441103,1.5808811590283673,1.085033445337154,1.5861933189184487,1.6249242127977461,1.4846785155691062,1.5014055602822236,1.47368830650393,1.447660357390415,1.4234676696839266,1.4091495592456067,1.5021419675854506,,1.2853940261982753,1.500362502041153,1.5049642209239775,1.5001181814181281,1.504715014220901,1.4968261753184402,1.4966243803095416,1.0757508597315837,0.7619264117773227,1.5802430968902639,1.5714105144069528,0.9956039752297061,1.076570967373535,1.1407018889597222,1.0146742767810766,1.6848752900978798,1.0777262548916144,1.0757802311847562,1.3008218377825773,0.8307836505204036,1.605109469315465,1.0805404342100875,1.076268783837577,0.0,1.0769133519217904,1.4602372348331325,0.814431608477968,0.8147511736817308,0.6138464454175093,0.8565894706538459,0.76210841992563,1.3142228234103641,1.5023799170119208,1.5327223200033897,1.5215776728271384,1.5250449659882737,1.4952173020504984,1.5276400846890517,1.5881331453159586,1.5572228604912934,1.5356674421066072,1.5784938779069364,1.0801478882387083,1.5835850818238264,1.5191080742878256,1.0794996229790044
OQMD/oqmd-1473257,1.443813793258646,1.625399750590413,1.854810828494766,1.7750296932637286,1.842505761102097,1.8151832701729895,1.5857205618347554,1.6542722190071717,1.6408868211462007,0.10021237593085008,2.906369974152824,0.8633364947139661,1.6099356727644165,1.7665039394308881,0.04402338091747868,2.0662356102560238,1.7619335839527868,1.6191219629264726,1.6383678850836896,1.6052316972387888,1.5735252150526386,1.543355393271335,1.5252226883669175,1.6406011453088556,,1.7746692243871922,1.637449998842988,1.6435764059813733,1.636967193863074,1.6462385294435495,1.6560228795545273,1.6555316792284929,0.007200348583603473,0.716187642550425,1.610178630030324,1.6990474573133336,0.8209635654728045,0.00209076196995219,1.5965494808358451,0.20918272673910296,2.2048948571745637,0.004870491919857949,0.007014775240689473,1.655307178420084,1.2196925487071408,1.7520857962703358,0.020835041318447788,0.003956415832543384,1.0769133519217904,0.0,1.872685671945516,1.35021730865453,1.3503949488683347,0.9300880907272937,1.2275206951674325,0.7162850523391182,1.6611943506317004,1.8544338070028403,1.91774453714396,1.889911075361123,1.9017515292592613,1.8732489664068768,1.9066296753227334,1.615160368013251,1.6820490127918055,1.9272248486456156,1.6090851829858528,0.01868377695184814,1.612278962411557,1.6599205305425169,0.015080210116753034
OQMD/oqmd-1474198,0.5948605685405124,0.9037260388138133,0.7769416718132289,0.6936320623540737,0.8484787200034851,0.7752660385967869,2.5083271827138116,1.2087646750284167,1.1957340513241346,1.8209166046950334,1.4337896199642481,1.6597931533244357,1.2065711657572222,1.15292062526647,1.8966554757754723,0.6561137416557798,1.194992759700774,1.1915882708847931,1.1843852414092422,1.1953757507873608,1.2100209888821831,1.2185922873036523,1.2369423177473229,1.1924135727895353,,0.7771441968979682,1.185521133597715,1.18445805852945,1.1821516211271172,1.188447244940904,1.161584889832406,1.161853036282947,1.8688346598068428,1.780382082548697,2.5645415882926237,1.1997113911961899,2.049056398486947,1.8715654176708973,1.0805690125809762,1.8165704579697275,1.5799164576231044,1.875301781994699,1.8689336626377855,0.8964994390764452,1.450033226046531,1.4148096230564462,1.883939704762425,1.870567185478058,1.4602372348331325,1.872685671945516,0.0,1.0192979269695548,1.0192059414934185,1.5560141276347645,1.3341255355992663,1.780670343445678,0.895292851909404,0.9292822510417799,0.9391922140257951,0.9363071452522038,0.9426634282129751,0.9265352209113288,0.9364112080301452,2.5748647127383375,1.20254859847048,0.9385934747213928,2.5622351276605735,1.8827701410437916,2.568929951223416,1.1809202207838996,1.880814897151839
OQMD/oqmd-1479504,0.8600136391280706,0.7958130543092345,0.8136006670705399,0.7107738870120935,0.8258058392065226,0.7770149459504262,1.9046453093789266,1.0706219891381221,1.051268414737915,1.3226947497099593,2.1915297937306373,1.0764341874038332,1.03177834452855,1.1280682530221378,1.3644610142246232,1.2164113185759646,1.1512680875389565,1.029687174439832,1.0435289608003957,1.0208654364609016,1.0009650230092195,0.9836688668883827,0.9745490556730242,1.0454487629781286,,0.955829843484248,1.0426461544096604,1.0465091324524192,1.0422410174758099,1.048708765427074,1.0657971943431956,1.0655560489292262,1.348010134766307,1.1108010818814773,1.9493558205213926,1.1024885560422115,1.429822257203163,1.3495728265835525,0.796784146835709,1.2962918293928056,1.5106263514364977,1.351729998345706,1.3480665824239397,0.8138040963052355,1.1039928289677605,1.3906206935391208,1.3567990651190136,1.3490002104779837,0.814431608477968,1.35021730865453,1.0192979269695548,0.0,0.0004626145619407851,1.0661509024716602,1.064287074599923,1.110293533234859,0.8332995587537515,0.8006508947375108,0.8123609082760032,0.8077109503289308,0.8057045949975401,0.779576694414067,0.8092993920611233,1.95777380663813,1.090070204965265,0.8146038612685602,1.9474832277883571,1.3561061435146073,1.9529270291469072,1.0586685116120302,1.3549522944304384
OQMD/oqmd-1479511,0.8600147253201947,0.79581128959194,0.8136400630484781,0.7107994251758957,0.8258678667946684,0.7770718868526594,1.904732558153981,1.0704793987222923,1.0511293043775503,1.3228750594787142,2.1914710606252403,1.0766542194285316,1.031638628690678,1.1279453080538944,1.3646372373246207,1.216410628711467,1.1511282977865123,1.029550703902166,1.0433921171042368,1.02072867872516,1.0008288321618526,0.98353320437049,0.9744146339485182,1.0453124865351522,,0.955875492313289,1.0425094473846552,1.0463728155104015,1.0421040169712827,1.0485727010204613,1.0656593976579194,1.0654181832176637,1.34818799344816,1.1110299608748104,1.9494421686842507,1.1023468675842647,1.4299852937736817,1.3497505306323354,0.7968506275186298,1.2964538229466087,1.5107068224704305,1.351907488599973,1.3482444355239807,0.8137955743285169,1.104252287240905,1.390635121980347,1.356976051731545,1.349177971214039,0.8147511736817308,1.3503949488683347,1.0192059414934185,0.0004626145619407851,0.0,1.066420720387481,1.064525507636829,1.110521975068654,0.8332961438441976,0.8004595376601745,0.812172223603833,0.8075196017490519,0.8055134571026417,0.7793858009375288,0.8091094117609288,1.9578599793193554,1.0899281196864694,0.8144169446825503,1.9475696147848407,1.3562831990607902,1.953013303041009,1.0585321871086548,1.355129464708089
OQMD/oqmd-2029561,1.2140834205659772,1.2263237059238117,1.4811169108819395,1.426592298922481,1.4713254716740989,1.4438951940652862,1.720110812699055,1.3333679708942818,1.3078535369507964,0.9062346305287838,2.484415043367913,1.232865478827263,1.2833968686170445,1.3880891949693133,0.9437458045092014,1.7180921418869202,1.4247769423250538,1.2847156800878807,1.3014653377849814,1.2738561978130272,1.2481053017066046,1.225148770028979,1.2109030754333763,1.3013883178913317,,1.484172235101783,1.3003768991127775,1.3050016623301488,1.3004464399503621,1.304188761564283,1.306771130440423,1.3065573459862372,0.9280338775919479,1.0376673697474594,1.7598918620104513,1.3705480185521084,1.09994520117128,0.9294863308529444,1.169385219110822,0.9010000899612467,1.739509227673103,0.9315065996065645,0.928086176243026,1.2483864830908868,0.5715724013918878,1.4908982886799913,0.9363187725797907,0.928953005053579,0.6138464454175093,0.9300880907272937,1.5560141276347645,1.0661509024716602,1.066420720387481,0.0,0.581222035376504,1.038556493297811,1.260186951553967,1.5552973042852838,1.631422440283951,1.5997906133579678,1.6166922981857126,1.577628517990196,1.6188279189220942,1.7675000937641852,1.3562737155188835,1.639438403166546,1.7582039789240105,0.9356558829640331,1.7631154831728018,1.3191213352336049,0.9345555231791586
OQMD/oqmd-2029562,1.057109162305481,1.102655123064611,1.2854875547237463,1.2504546848270817,1.2814254102532767,1.2556150798151848,1.9668596748431955,1.2277868987403375,1.1985467203753921,1.1863897508575676,2.1340098764160844,1.452880885646747,1.186995189350759,1.2059859179988457,1.2477072608295514,1.488692442728136,1.2866006087494801,1.1690539705215872,1.179262589371485,1.1632686071016964,1.1503730154791345,1.1356765524777965,1.1337017522037136,1.1851381430737784,,1.318567492693402,1.1786099670698227,1.1807738692895076,1.1768131861602111,1.1862608607985563,1.194220356872227,1.1942585081344597,1.2243379927533324,1.2956028151523058,2.0154711294273526,1.2503132680830973,1.3611938369799095,1.226593031426049,1.0349084248066276,1.188877636645796,1.5475989414874476,1.2296927872527497,1.2244195922749508,1.1146713306090472,0.1460238072481937,1.2645310623219101,1.2369202120874527,1.225767665509664,0.8565894706538459,1.2275206951674325,1.3341255355992663,1.064287074599923,1.064525507636829,0.581222035376504,0.0,1.295347802227314,1.122779446474716,1.4491291090374863,1.5308617150724306,1.4977549248273574,1.5182841781367586,1.4760726176231131,1.51758534385031,2.024553032088489,1.2414007702399645,1.5378872781042823,2.0134481025701745,1.2359367401258645,2.019326431356101,1.1903164514256204,1.234295978623208
OQMD/oqmd-2029563,1.310541285862663,1.6577268865606964,1.6227409283756344,1.5416225566883166,1.6030268440182565,1.5737780071602412,1.2855032511106195,1.8210169435345396,1.8026424822025964,0.7319601634946189,2.838525336663864,0.6029402224908428,1.773160901584637,1.907963864795667,0.7137515504017604,1.932002750092498,1.9249645973668705,1.7774704037060358,1.7965761593463179,1.7640982344190466,1.7329648783774185,1.7030264319280728,1.6851629154149244,1.799065116827458,,1.5714167800460148,1.7955659093920049,1.8012464524902665,1.7950207440114783,1.8041608991767004,1.813557439795743,1.8131603251976094,0.7169558378041689,0.010383022311675287,1.3157249412403067,1.8642720554210248,0.6109904209760608,0.7164724375255846,1.4933584645057734,0.6809870658747263,2.027336215540223,0.7158720238844962,0.7169376497876059,1.6863674386176908,1.2637378148602265,1.8417287826882878,0.7147492433405009,0.7166447558824582,0.76210841992563,0.7162850523391182,1.780670343445678,1.110293533234859,1.110521975068654,1.038556493297811,1.295347802227314,0.0,1.6931524988980444,1.8081815311810465,1.832565851839294,1.8229580663876983,1.8235473321302842,1.8005016560772378,1.8281229168708846,1.3218471777459408,1.8478567088701865,1.836839679567501,1.314379722070898,0.7148798600962816,1.3183074220592113,1.8174055618092155,0.7151131016866563
OQMD/oqmd-2029564,1.0244138487454082,0.073418698680764,0.8348100365559985,0.8106794787783272,0.8652111046750981,0.8450437410594994,2.504065175230297,0.6744177011166534,0.6657551953543219,1.6065980125034907,1.8853442042711266,1.5760905344574778,0.6795914509537624,0.6555653454998415,1.6865028485085092,0.9908657184555846,0.6622174398469166,0.6698414728243182,0.6630863552917445,0.676382273996332,0.6939132374486195,0.7154634595992921,0.730728408037736,0.6613453668324479,,1.0169634471693878,0.6633606476815992,0.6611353430496797,0.6638589398002656,0.6582319276326932,0.680248456850152,0.6804435776174182,1.6571294669080499,1.6920465627384986,2.5563586528901037,0.663504597821575,1.935782384967237,1.660011839959654,0.7652646270245703,1.6361961000976706,1.4082446478445267,1.6639559732238483,1.6572339628775064,0.07489305610740812,1.225303871705992,1.0113433587709793,1.6730754957435046,1.658958160844408,1.3142228234103641,1.6611943506317004,0.895292851909404,0.8332995587537515,0.8332961438441976,1.260186951553967,1.122779446474716,1.6931524988980444,0.0,0.4950437073571242,0.5855585068603102,0.5450948141201905,0.5730175868554314,0.5386346507734131,0.5697098489722967,2.5659996168188592,0.6666035037250952,0.5946594949112786,2.5542061253308534,1.6718406292552195,2.5604556788134727,0.6568860305518764,1.6697762773286626
OQMD/oqmd-2029839,1.132584300542505,0.48727930377708684,0.8968651424730433,0.8385997000175455,0.9391734078136665,0.907972098348692,2.552195339250151,0.7546824829934755,0.7549851668618721,1.8103257180461871,1.9881173166189707,1.6543494610319038,0.7632219753510928,0.7818573737105834,1.8751761280832764,1.1014388096541556,0.7561345621148359,0.7597954952891259,0.7557495872236439,0.7637526302068867,0.775718784086315,0.7919715256473557,0.8032816664139829,0.7549738156588085,,1.0956855201630407,0.7559057529785657,0.75492658126277,0.7562456999964312,0.7542730625124632,0.7832260591906481,0.7832069178783598,1.851118756154647,1.8077161414705394,2.600997182382725,0.7502531170244156,2.0845831293077848,1.85346894617999,0.9265031459033801,1.8215992384203816,1.5767894131814422,1.8566886647890426,1.8512039173196366,0.4834820413106768,1.538415614268517,1.314970922136065,1.8641497560647315,1.8526095378382532,1.5023799170119208,1.8544338070028403,0.9292822510417799,0.8006508947375108,0.8004595376601745,1.5552973042852838,1.4491291090374863,1.8081815311810465,0.4950437073571242,0.0,0.1501136724917644,0.08397663434989305,0.12662588028114932,0.08872818529750032,0.1252112419310817,2.6100234952079693,0.751022379336602,0.16696732965853278,2.598983059107509,1.8631381218180363,2.6048319642131488,0.7528586969304167,1.8614478794331217
OQMD/oqmd-2029840,1.1722826740104435,0.5785152684480741,0.8695641938719052,0.8085449868978599,0.9132800135187967,0.8808009741868237,2.5978686003961053,0.903529368490008,0.9037975716184756,1.875347354752127,2.0134553586274513,1.6489885256518102,0.9104669518671751,0.9276219743031128,1.937715314192901,1.0936289817930125,0.9055549634728224,0.9076977942692295,0.9044426743622311,0.9108909925131639,0.9207084666188805,0.934162208878253,0.9436618525824338,0.9038781039980638,,1.0876231149528701,0.9045739808349438,0.9038140225803221,0.904832059994085,0.9033594473995235,0.9279043366838707,0.9278825831497562,1.9145546710225385,1.8321096538453274,2.645671636539343,0.9001834195772997,2.1408920169228374,1.916816057437109,0.9783857120377711,1.8858541489268783,1.6091887588662759,1.9199145465360008,1.9146366096630743,0.5755553042466202,1.615605136554149,1.4071382634560305,1.9270965971309042,1.9159890916195121,1.5327223200033897,1.91774453714396,0.9391922140257951,0.8123609082760032,0.812172223603833,1.631422440283951,1.5308617150724306,1.832565851839294,0.5855585068603102,0.1501136724917644,0.0,0.06732164021772435,0.029992704297332032,0.07252124638930937,0.025162255198230607,2.654518174485182,0.9006937474000427,0.02040732644997597,2.6436978328027467,1.9261226444840696,2.649429859357131,0.9022069394044234,1.9244954672370225
OQMD/oqmd-2029841,1.157116194929568,0.5372088291353099,0.8866326860562738,0.826383425588913,0.9299504148656638,0.8977844549613276,2.57805099399881,0.8369631045827085,0.8377139754041999,1.8469247821341581,2.0071647560464116,1.6516907241934993,0.8447997593825097,0.864313452292752,1.9101517500171707,1.100698557255988,0.8392361646408709,0.84208769804819,0.8385783956518578,0.8455108172928876,0.8560589591323227,0.8705157717484678,0.8806760787606593,0.8379652603985784,,1.095581431327661,0.8387238547864222,0.8379195576152005,0.8390071788854625,0.8374481716036991,0.8637102750752078,0.8636806110324745,1.8866776485202628,1.8225079895072263,2.626171912966426,0.833387397740224,2.11711704064422,1.8889699291920814,0.9607087747364674,1.8575149990041488,1.6011925767832622,1.8921106472756615,1.8867607076686732,0.5338491801140293,1.5845774509139137,1.369177907371503,1.8993901304298813,1.8881316729101576,1.5215776728271384,1.889911075361123,0.9363071452522038,0.8077109503289308,0.8075196017490519,1.5997906133579678,1.4977549248273574,1.8229580663876983,0.5450948141201905,0.08397663434989305,0.06732164021772435,0.0,0.043629636005281,0.03606373419397172,0.042246974336323316,2.635076282851971,0.8339245976685278,0.08565297757817342,2.624185163449635,1.898403001923123,2.629954742290212,0.8361877413137615,1.8967537860204766
OQMD/oqmd-2029842,1.1677819262698443,0.5639609347443836,0.8831264724832197,0.8208766388388913,0.9265567542670905,0.8936629120028594,2.58423792761323,0.8774133106744484,0.8781643213281182,1.859725272704074,2.0228256888228295,1.6442363142596765,0.8841237091825176,0.9071259657896199,1.9215758241963836,1.1058054942699833,0.8821496322581098,0.8819664619900222,0.879075656306234,0.8848707376300198,0.894148184338921,0.9072029653462643,0.9164717366805216,0.8785717736050391,,1.0981677125363771,0.8791971983716379,0.8785952676870037,0.8794479240280577,0.8782584458461051,0.9035641950095439,0.9035199421487906,1.8985865569789644,1.8231084258962393,2.631765067839438,0.8751124090524455,2.1267623312350232,1.9008302505555665,0.9771236599920466,1.869298172701754,1.6149469576940292,1.9039048504393097,1.8986678506908088,0.5614831324728699,1.6034053122384773,1.3985604033009977,1.9110330463885457,1.9000097293477942,1.5250449659882737,1.9017515292592613,0.9426634282129751,0.8057045949975401,0.8055134571026417,1.6166922981857126,1.5182841781367586,1.8235473321302842,0.5730175868554314,0.12662588028114932,0.029992704297332032,0.043629636005281,0.0,0.05376668067862402,0.014536716671418563,2.6405649708423096,0.8752096694122782,0.05010413956792516,2.6298018440074276,1.9100662755521556,2.6355033237820313,0.8773323684416693,1.9084511808767637
OQMD/oqmd-2029843,1.139009115680622,0.5296726017937202,0.8631644041696511,0.8013800964894643,0.9056498097401385,0.8732530069321306,2.559157891261009,0.8367668865439638,0.8357759805805555,1.8305522332558006,2.0005519593098047,1.632668347978618,0.8421238643306909,0.8628601436804426,1.8933786107204167,1.0912998664381015,0.842022946056191,0.8390502074857153,0.8361741059194905,0.8421043218208997,0.8516746965110445,0.8652586954645893,0.8748092977444307,0.835485709610314,,1.0779074764438397,0.8362618813201724,0.8355911388511635,0.8365652801411236,0.8349933976761631,0.8614419068987496,0.8614180053527669,1.8700346135556165,1.8000380240285154,2.6071948436503454,0.8344798604507709,2.0962848578935946,1.8723133318930443,0.9331741304068036,1.8403808052143107,1.5794028774088649,1.875435783666995,1.8701171778367491,0.5276188208451189,1.561694399333555,1.3610333667978642,1.8826742867339492,1.8714800123718778,1.4952173020504984,1.8732489664068768,0.9265352209113288,0.779576694414067,0.7793858009375288,1.577628517990196,1.4760726176231131,1.8005016560772378,0.5386346507734131,0.08872818529750032,0.07252124638930937,0.03606373419397172,0.05376668067862402,0.0,0.05164451331232157,2.6160867584308507,0.8345347909663723,0.08738502751665367,2.605210993637542,1.8816926069150672,2.6109722748871467,0.8343614726048876,1.8800525691907075
OQMD/oqmd-2029844,1.165078543453413,0.5622889162377861,0.8748219653579203,0.8138818345933048,0.9184682944859912,0.8859960435738029,2.5897240232828276,0.878510316774714,0.8789180723446264,1.8640306766040917,2.010265535588369,1.6491799432852214,0.8857120366176018,0.9038828404795965,1.926693996817482,1.0953762449196056,0.8807505090444546,0.8829542800354047,0.8796262616095837,0.8862107361344687,0.8962566488158984,0.910022461053214,0.9197536111608484,0.8790667866401347,,1.089707853063744,0.8797634051616492,0.8789967359174461,0.8800227450893595,0.8785567268630223,0.9037720434963155,0.903746973879974,1.9034247694371593,1.8276692379955397,2.6376366513987786,0.8751364940865097,2.1312347233748037,1.9056968206577325,0.9708922640372091,1.8744901577085968,1.6057019700036315,1.9088099010022312,1.9035070947317283,0.5592168494104477,1.6031410229270946,1.3926639454251333,1.9160256757125567,1.904865956345234,1.5276400846890517,1.9066296753227334,0.9364112080301452,0.8092993920611233,0.8091094117609288,1.6188279189220942,1.51758534385031,1.8281229168708846,0.5697098489722967,0.1252112419310817,0.025162255198230607,0.042246974336323316,0.014536716671418563,0.05164451331232157,0.0,2.646503277940778,0.8756360897998765,0.04408862932086627,2.6356583567557212,1.9150471578512442,2.641403416293108,0.8773637205623273,1.9134123478221052
OQMD/oqmd-20684,2.0754840984558736,2.5243401480679752,2.579686201543677,2.4920542982776936,2.5766995574789844,2.5335690919462204,0.11773499133222948,2.451321808055121,2.4370277465620784,1.659953023140035,3.547230322705954,1.8232587134500349,2.4013946427090485,2.564970372295069,1.597074474383653,2.8240382770293526,2.5708050346396836,2.409029294395058,2.431043591618947,2.3929168829599243,2.3558077167504554,2.3186213410972667,2.2970036028839,2.435348626358931,,2.4854550069627126,2.429966266854619,2.436816380990734,2.4288896517922036,2.442079606502022,2.4479683440042126,2.44742091599912,1.618213179662766,1.3250759200284967,0.01784770573491235,2.501748801826656,0.9420439857865007,1.616044100440891,2.4116281007215172,1.516015560902218,2.8563181092661667,1.6131103187138196,1.6181341701413476,2.5429808747047056,1.9787686688018276,2.6633338606994803,1.6064758320139472,1.6168345580075354,1.5881331453159586,1.615160368013251,2.5748647127383375,1.95777380663813,1.9578599793193554,1.7675000937641852,2.024553032088489,1.3218471777459408,2.5659996168188592,2.6100234952079693,2.654518174485182,2.635076282851971,2.6405649708423096,2.6160867584308507,2.646503277940778,0.0,2.4827458463197,2.661939786339616,0.021855020796146037,1.6073621989922982,0.010243198678606858,2.4554670328149406,1.6088522965287657
OQMD/oqmd-20685,1.2154456105617806,0.6567840790021123,1.3271893831255503,1.2847458635431541,1.3568038188596465,1.3337046945785276,2.4236060207485095,0.047325254082674885,0.06496279757640776,1.6354629701865784,2.064095400216587,1.8491202903901942,0.11286826310034292,0.2561893059895516,1.7039754881153832,1.4288979147476861,0.12889999999999838,0.10129014873772844,0.07881244479852818,0.12048127690287168,0.17064538047336408,0.22519879263653836,0.2578110381753844,0.07457191487826319,,1.4212668154047483,0.07997188623407966,0.07578891171033345,0.08231745049757602,0.07400189051247907,0.22539820440592956,0.22511845166409813,1.6785453895307068,1.8474519924272461,2.4735112829748966,0.028260000000000434,1.9322698235279894,1.6810292421289612,1.0397908853945788,1.6446336881446468,1.660955978714501,1.684432268640258,1.6786353918729289,0.6552015733354416,1.3436558834924477,1.102502841965683,1.6923188746225495,1.680120942180545,1.5572228604912934,1.6820490127918055,1.20254859847048,1.090070204965265,1.0899281196864694,1.3562737155188835,1.2414007702399645,1.8478567088701865,0.6666035037250952,0.751022379336602,0.9006937474000427,0.8339245976685278,0.8752096694122782,0.8345347909663723,0.8756360897998765,2.4827458463197,0.0,0.917827163709076,2.471450837100524,1.6912494928072928,2.4774344111458464,0.06647634076874163,1.6894628001932928
OQMD/oqmd-2170474,1.1755843883082882,0.5887229655491054,0.8598341672969563,0.799635652390254,0.903539324689567,0.8714037951818706,2.605109923472972,0.9209666409879335,0.9207853605502643,1.884653250163904,2.0085103143040124,1.6509038518475774,0.9277991702604842,0.9414862511845139,1.9472632364660718,1.0866130949881307,0.9216281166219732,0.9246445931504091,0.9212417548976535,0.9279790026434256,0.9380116282523212,0.9516309196132979,0.9611747025053619,0.9206002603170723,,1.0803791411048425,0.9213691090483429,0.9205232124145243,0.9216459059883444,0.9199606560715903,0.9440670501317096,0.9440596002956271,1.924023413993348,1.8363746376106427,2.6530671355021216,0.9171125725067015,2.148583576818192,1.926293024763191,0.9774945866007222,1.895687502508512,1.6040662957357268,1.9294026010307577,1.9241056526146951,0.5855355631179746,1.6221163747823,1.4130065877323317,1.936609570019154,1.9254630644940594,1.5356674421066072,1.9272248486456156,0.9385934747213928,0.8146038612685602,0.8144169446825503,1.639438403166546,1.5378872781042823,1.836839679567501,0.5946594949112786,0.16696732965853278,0.02040732644997597,0.08565297757817342,0.05010413956792516,0.08738502751665367,0.04408862932086627,2.661939786339616,0.917827163709076,0.0,2.651087409862414,1.9356323005810008,2.6568365366429685,0.9187582614027346,1.9339995388538926
OQMD/oqmd-307732,2.062409455066354,2.5129500812949406,2.5665578434361356,2.4794183729659958,2.5635643186608204,2.5205639463449137,0.09587997053608341,2.440297863514582,2.4259125165433533,1.652732134414687,3.530940393181621,1.8169164122200574,2.390625208777225,2.5523238097734198,1.5915282975708769,2.809297919666914,2.5588169510307317,2.3979986484033127,2.419835015139968,2.38203838930754,2.34527177298121,2.308435500921266,2.287048889384452,2.4241201383310194,,2.470141370560055,2.418763067529386,2.4255439882738914,2.4176920855179524,2.4307814473580494,2.43672014171216,2.436179898212105,1.6120529464948576,1.3176029854569447,0.004007315061233686,2.490296271292551,0.9333267453665312,1.6099441769835736,2.398606868170549,1.5101861063297763,2.841507127828276,1.6070928989467357,1.6119761236562722,2.531413481259625,1.9681616724216389,2.648835587355987,1.6006490887621727,1.6107125893811391,1.5784938779069364,1.6090851829858528,2.5622351276605735,1.9474832277883571,1.9475696147848407,1.7582039789240105,2.0134481025701745,1.314379722070898,2.5542061253308534,2.598983059107509,2.6436978328027467,2.624185163449635,2.6298018440074276,2.605210993637542,2.6356583567557212,0.021855020796146037,2.471450837100524,2.651087409862414,0.0,1.6015096428657325,0.011611822117539177,2.4440483083247924,1.6029565841579925
OQMD/oqmd-328816,1.4533275195890774,1.6354840672920696,1.8656166522137156,1.7851678786210121,1.8533883300034837,1.825774179944875,1.5791553248683226,1.663099132757331,1.6498027908527824,0.11889615288269823,2.9201736380333765,0.8651442294179158,1.6183721815921726,1.7773214397253385,0.025339603965630533,2.079161673382548,1.7720673812409928,1.6278666195844285,1.6473644476360847,1.6137631625437405,1.5815685814604805,1.5508842630405941,1.5324201641035955,1.6496401544712296,,1.787750751199462,1.6464380613904677,1.6526578832233203,1.6459433133880261,1.65537402744257,1.665076028545258,1.6645754488062752,0.02588412553545161,0.714828469446176,1.6025620474406554,1.7084629086943546,0.8169825793246139,0.02077453892180033,1.6078816845573878,0.20470534357773398,2.2170956289542514,0.01381328503199019,0.02569855219253761,1.6655293767695114,1.2270636150429381,1.7660934061300433,0.0021512643665996486,0.022640192784391524,1.0801478882387083,0.01868377695184814,1.8827701410437916,1.3561061435146073,1.3562831990607902,0.9356558829640331,1.2359367401258645,0.7148798600962816,1.6718406292552195,1.8631381218180363,1.9261226444840696,1.898403001923123,1.9100662755521556,1.8816926069150672,1.9150471578512442,1.6073621989922982,1.6912494928072928,1.9356323005810008,1.6015096428657325,0.0,1.6045847677623397,1.6692079046629775,0.0036035668350951023
OQMD/oqmd-339274,2.0693377089419873,2.5189845572870553,2.573518319863201,2.486116059570976,2.570528442461582,2.527458530770199,0.10749179265362259,2.446136884761257,2.431800035417509,1.656536693572124,3.539587951524075,1.8202562291744977,2.3963283406773117,2.5590276148596907,1.5944401480319548,2.817118132432086,2.565170148407552,2.403840918928829,2.425772191962545,2.387799521870668,2.3508502218979728,2.3138272347113045,2.2923173813037,2.4300679492165442,,2.478265465234816,2.424697373211422,2.4315151875296794,2.4236233838004804,2.436766405011852,2.442678542591257,2.4421344696567413,1.6152920566659716,1.3215337014275315,0.007604507056305491,2.496363850334361,0.937904995758919,1.6131511418681082,2.405509250979752,1.5132468583028214,2.8493650854006534,1.610255890258035,1.615214068305082,2.5375424984503883,1.9737742574703065,2.6565261507254174,1.6037104568214313,1.613931304333434,1.5835850818238264,1.612278962411557,2.568929951223416,1.9529270291469072,1.953013303041009,1.7631154831728018,2.019326431356101,1.3183074220592113,2.5604556788134727,2.6048319642131488,2.649429859357131,2.629954742290212,2.6355033237820313,2.6109722748871467,2.641403416293108,0.010243198678606858,2.4774344111458464,2.6568365366429685,0.011611822117539177,1.6045847677623397,0.0,2.4500975602111374,1.6060547092537918
OQMD/oqmd-4908,1.1813152302348469,0.6474397225858501,1.293378055212325,1.251522838205881,1.321688447748192,1.2988582238260602,2.3956667979845707,0.07785635634070695,0.05343480546586259,1.6128901121079178,2.03479751965669,1.8280827270539597,0.10561328792996093,0.22683122452600943,1.6820534549350687,1.40456550978134,0.1505335289492361,0.06834851676781047,0.03674815764260012,0.09336064779781746,0.14981324398741996,0.20638237154789843,0.24114024314788038,0.03706820359388176,,1.388432173368779,0.037887660870224334,0.026778487027611656,0.03997780092884826,0.03212904823120474,0.2128930919208003,0.2127373617973355,1.6563837238350967,1.8170351877767343,2.446131405915648,0.0746607107238323,1.9005162630197998,1.6588911065629195,0.9950218835743546,1.6213151646717496,1.6185794719395499,1.6623263299249271,1.6564745792200704,0.6463635204718448,1.291750639377021,1.0768606700725991,1.670287362103717,1.6579742049392054,1.5191080742878256,1.6599205305425169,1.1809202207838996,1.0586685116120302,1.0585321871086548,1.3191213352336049,1.1903164514256204,1.8174055618092155,0.6568860305518764,0.7528586969304167,0.9022069394044234,0.8361877413137615,0.8773323684416693,0.8343614726048876,0.8773637205623273,2.4554670328149406,0.06647634076874163,0.9187582614027346,2.4440483083247924,1.6692079046629775,2.4500975602111374,0.0,1.667404366481933
OQMD/oqmd-6958,1.4514787275878558,1.6335273028194186,1.8635228140378013,1.78320176139042,1.8512796956841195,1.8237213844996563,1.580406501834819,1.6613839689988343,1.648070422742582,0.11529258604760313,2.9175070758586004,0.8647644433017515,1.616731640440887,1.7752248779036182,0.028943170800725632,2.076661783459666,1.7701020268699497,1.6261669765599445,1.6456165847641928,1.6121043463895086,1.5800032360640235,1.54941747031743,1.5310168631803975,1.6478841584727106,,1.785219939417803,1.6446918235609291,1.6508937556506533,1.644199365066867,1.6535995476989722,1.6633174345308839,1.662818652117817,0.02228055870035651,0.7150528182275039,1.604016944272648,1.7066350593452457,0.8177186788451093,0.01717097208670523,1.6056853294430533,0.20544427964591366,2.2147354118087628,0.010209718196895088,0.022094985357442514,1.6635463625828908,1.2256232282248585,1.7633849906390626,0.005754831201694752,0.01903662594929642,1.0794996229790044,0.015080210116753034,1.880814897151839,1.3549522944304384,1.355129464708089,0.9345555231791586,1.234295978623208,0.7151131016866563,1.6697762773286626,1.8614478794331217,1.9244954672370225,1.8967537860204766,1.9084511808767637,1.8800525691907075,1.9134123478221052,1.6088522965287657,1.6894628001932928,1.9339995388538926,1.6029565841579925,0.0036035668350951023,1.6060547092537918,1.667404366481933,0.0
